,AF,CF,MF,ctrl,max_s
0,False,False,False,False,0.4199169986167306
1,True,True,True,False,1.9577479616784244
2,True,True,True,False,2.009071323063191
3,False,True,True,False,1.8737294577825248
4,False,True,True,False,1.9108942475237063
5,False,False,False,False,0.4087960598056107
6,True,False,False,False,0.9912586240583816
7,False,False,False,False,0.2092951631324405
8,False,False,True,False,0.7065363694023068
9,True,False,False,False,0.7233818025187119
10,False,False,False,False,0.0227160552996747
11,True,False,True,False,1.5095574367133366
12,False,False,False,False,0.5901488534419814
13,False,False,False,False,0.0190737597784487
14,False,False,False,False,0.188470920268469
15,False,False,False,False,0.1196726866909186
16,True,False,False,False,0.8703464279819613
17,False,False,False,False,0.061929269499799
18,True,True,True,False,1.357287914331125
19,False,False,False,False,0.0658720575208795
20,True,False,False,False,0.6740646688800574
21,False,False,False,False,0.6103647103742053
22,False,True,True,False,1.703127683980292
23,False,False,False,False,0.0706799041267439
24,True,True,True,False,1.8195425736537527
25,False,False,False,False,0.0298422501775473
26,False,False,False,False,0.0055587224825831
27,True,True,True,False,1.5071732221155605
28,False,True,False,False,1.6997436941240909
29,False,False,False,False,0.0102957110568224
30,True,True,True,False,1.785403719117414
31,True,False,False,False,1.4348219812702063
32,False,False,False,False,0.1282044594404839
33,False,False,False,False,0.3867918492147182
34,False,False,True,False,0.6045758739799661
35,False,False,False,False,0.1751884294413358
36,False,False,False,False,0.0776598647297721
37,False,False,False,False,0.0584641623613416
38,True,True,True,False,2.1597154312947984
39,False,False,False,False,0.001425426728618
40,True,True,True,False,2.1936550658753617
41,False,False,False,False,-0.0138368824185054
42,True,True,True,False,1.866959159568549
43,True,False,True,False,0.6821397142575775
44,False,False,False,False,0.109297182231639
45,True,True,True,False,1.6270459124853636
46,True,True,True,False,1.7860459765881207
47,True,True,True,False,2.062594424205785
48,True,True,True,False,2.017853318238383
49,True,True,True,False,1.1708769412839566
50,True,True,True,False,2.1127823915090413
51,True,True,True,False,1.9822405936081653
52,True,True,True,False,2.082695328831811
53,True,True,True,False,1.9785957751507792
54,True,True,True,False,1.823485990438502
55,True,True,True,False,2.103086968064405
56,True,True,True,False,2.1276308269088937
57,True,True,True,False,2.0746574637723088
58,True,True,True,False,2.1344229092290727
59,False,False,False,False,0.2453733577844703
60,False,False,False,False,0.0333497962714722
61,False,False,False,False,0.070436590440376
62,False,False,False,False,0.0521410267518272
63,False,True,False,False,1.532385962771558
64,False,False,False,False,0.1179866995746293
65,False,False,False,False,0.0389409472631331
66,True,True,True,False,2.126943317542656
67,False,False,False,False,-0.025931614581408
68,False,True,False,False,1.4691492615582613
69,False,False,False,False,0.2680711487111946
70,True,True,True,False,2.136014527637409
71,False,False,True,False,1.7725420036629371
72,False,False,True,False,2.073217405424675
73,False,False,True,False,1.5275488310917602
74,False,False,True,False,1.4950091500530287
75,True,True,True,False,2.119649098414015
76,True,True,True,False,1.5625571954954594
77,False,False,False,False,0.0993984182685722
78,False,False,False,False,0.0268079551380129
79,False,False,False,False,0.0413920739998545
80,False,False,True,False,1.3159637370822483
81,True,False,True,False,2.112954559083683
82,True,True,True,False,2.086506978749098
83,False,False,True,False,2.109277807940404
84,False,False,True,False,0.561586595864457
85,True,True,False,False,2.0730484312321407
86,True,True,True,False,2.059917204112487
87,False,False,False,False,0.4308387125972772
88,True,True,True,False,2.037222281096437
89,True,True,True,False,2.078583108183013
90,True,True,True,False,2.1170228396998323
91,True,True,True,False,1.9577839108360384
92,True,True,True,False,1.978832557521256
93,True,True,True,False,2.0533141967846897
94,True,True,True,False,2.006296248601556
95,True,True,True,False,1.8897436448901133
96,True,True,True,False,1.9752749791078064
97,True,True,True,False,2.096945983354045
98,True,True,True,False,1.9205489076614184
99,False,False,False,False,0.0210544779781221
100,True,True,True,False,2.0298655959601457
101,True,True,True,False,1.7504560091784045
102,True,True,True,False,1.955436536074404
103,True,True,True,False,2.068728185103516
104,True,True,True,False,1.9565314741843487
105,False,False,False,False,0.6483651051537618
106,True,True,True,False,1.844483126241811
107,True,True,False,False,1.69738742076541
108,True,True,True,False,1.9858033940448043
109,True,True,False,False,1.829796622390425
110,True,True,True,False,1.999754408238024
111,True,True,True,False,2.139111459037947
112,True,True,True,False,1.8206992192153963
113,True,True,False,False,1.35153782504319
114,True,True,False,False,1.8189111703107863
115,True,True,False,False,1.5856898274930389
116,True,True,True,False,2.090291992243994
117,True,True,False,False,1.7415461958146392
118,True,True,True,False,2.1789422870968385
119,True,True,True,False,2.0822551557227627
120,True,True,True,False,2.1052460199198686
121,True,True,True,False,2.138262892030551
122,True,True,False,False,1.8656951035321248
123,True,True,True,False,2.0266627506275365
124,True,True,True,False,2.1514522950181005
125,False,False,True,False,1.4783868616159312
126,False,False,False,False,0.3345355014307998
127,False,False,True,False,1.6824104741089725
128,False,False,True,False,1.1394007269846718
129,False,False,False,False,0.1126437676649771
130,False,False,False,False,0.0268594138378898
131,False,False,False,False,-0.0097878875646065
132,True,True,True,False,2.084699170254692
133,True,True,True,False,2.078799401885572
134,False,False,False,False,0.0859806740390946
135,False,False,False,False,0.0295782496651905
136,False,False,False,False,0.094323431814994
137,True,True,True,False,1.950980700729
138,False,False,False,False,0.0536787266135807
139,True,True,True,False,1.873881801687244
140,True,True,False,False,1.4958345559868114
141,True,True,True,False,1.0421581231443704
142,True,True,True,False,2.007093442672817
143,False,False,False,False,0.0470516482119021
144,False,False,False,False,0.1691328583597965
145,False,False,False,False,0.0235789645492011
146,False,False,False,False,0.0680639173543278
147,False,True,False,False,1.7187526406597038
148,False,False,False,False,0.2551562850629433
149,False,False,False,False,0.0524565592624669
150,False,False,False,False,0.569144648126207
151,True,True,True,False,2.168129353133611
152,True,True,True,False,2.159407354182568
153,True,True,True,False,1.4456820132089372
154,False,False,False,False,0.6117504608324977
155,False,False,False,False,0.378951299287865
156,False,False,False,False,-0.0010045603747593
157,False,False,False,False,0.2324827919344303
158,False,False,False,False,0.1810342890726254
159,True,True,False,False,1.7706546665087557
160,True,True,True,False,1.714943235825598
161,True,True,False,False,1.4766314250173551
162,False,False,False,False,0.1248681347489039
163,False,False,False,False,0.2579431196288639
164,False,False,False,False,0.3239969476840786
165,True,True,True,False,2.20682372831792
166,True,True,True,False,2.1564685256113414
167,True,True,True,False,2.072663095724661
168,True,True,True,False,2.156646913182996
169,False,True,False,False,1.698533097662677
170,False,False,False,False,0.0908527405812651
171,True,True,True,False,1.6450276410006572
172,True,True,True,False,2.147710937485071
173,False,True,False,False,1.975203274234377
174,True,True,True,False,2.1490613294422545
175,True,True,True,False,2.1218065086194784
176,True,True,True,False,1.843707514095145
177,True,True,True,False,2.017569968604758
178,True,True,True,False,2.0133424853326964
179,True,True,True,False,2.0926291384467293
