,species,ortho_homolog,uniprot,mutation,aa,positions,Hotspot,gene or protein name,drug,ortho_mut,Conversion,pubmedid,degree of evidence,best degree of evidence,phenotype
0,Aspergillus fumigatus,Fks1,Q4WLT4_ASPFU,S679Y,FLTLYFKDP,"[675, 676, 677, 678, 679, 680, 681, 682, 683]",HS1,Fks1,Caspofungin,,Yes,['16110824'],[1],1,resistant
1,Candida albicans,Fks1,A0A1D8PCT0_CANAL,D648Y,FLTLSLRYP,"[641, 642, 643, 644, 645, 646, 647, 648, 649]",HS1,Fks1,Anidulafungin,4073.0,No,['18955538'],[8],8,resistant
2,Candida albicans,Fks1,A0A1D8PCT0_CANAL,D648Y,FLTLSLRYP,"[641, 642, 643, 644, 645, 646, 647, 648, 649]",HS1,Fks1,Caspofungin,4073.0,No,['18955538'],[8],8,resistant
3,Candida albicans,Fks1,A0A1D8PCT0_CANAL,D648Y,FLTLSLRYP,"[641, 642, 643, 644, 645, 646, 647, 648, 649]",HS1,Fks1,Micafungin,4073.0,No,['18955538'],[8],8,resistant
4,Candida albicans,Fks1,A0A1D8PCT0_CANAL,F641C,CLTLSLRDP,"[641, 642, 643, 644, 645, 646, 647, 648, 649]",HS1,Fks1,Caspofungin,3912.0,No,['37746235'],[4],4,resistant
5,Candida albicans,Fks1,A0A1D8PCT0_CANAL,F641I,ILTLSLRDP,"[641, 642, 643, 644, 645, 646, 647, 648, 649]",HS1,Fks1,Anidulafungin,3917.0,No,['30895218'],[-8],-8,susceptible
6,Candida albicans,Fks1,A0A1D8PCT0_CANAL,F641I,ILTLSLRDP,"[641, 642, 643, 644, 645, 646, 647, 648, 649]",HS1,Fks1,Caspofungin,3917.0,No,['30895218'],[8],8,resistant
7,Candida albicans,Fks1,A0A1D8PCT0_CANAL,F641I,ILTLSLRDP,"[641, 642, 643, 644, 645, 646, 647, 648, 649]",HS1,Fks1,Micafungin,3917.0,No,['30895218'],[-8],-8,susceptible
8,Candida albicans,Fks1,A0A1D8PCT0_CANAL,F641L,LLTLSLRDP,"[641, 642, 643, 644, 645, 646, 647, 648, 649]",HS1,Fks1,Anidulafungin,3919.0,No,['18955538'],[8],8,resistant
9,Candida albicans,Fks1,A0A1D8PCT0_CANAL,F641L,LLTLSLRDP,"[641, 642, 643, 644, 645, 646, 647, 648, 649]",HS1,Fks1,Caspofungin,3919.0,No,['18955538'],[8],8,resistant
10,Candida albicans,Fks1,A0A1D8PCT0_CANAL,F641L,LLTLSLRDP,"[641, 642, 643, 644, 645, 646, 647, 648, 649]",HS1,Fks1,Micafungin,3919.0,No,['18955538'],[8],8,resistant
11,Candida albicans,Fks1,A0A1D8PCT0_CANAL,F641S,SLTLSLRDP,"[641, 642, 643, 644, 645, 646, 647, 648, 649]",HS1,Fks1,Anidulafungin,3925.0,No,"['16723566', '18955538', '20145084', '30895218']","[4, 8, 8, -8]",4,resistant
12,Candida albicans,Fks1,A0A1D8PCT0_CANAL,F641S,SLTLSLRDP,"[641, 642, 643, 644, 645, 646, 647, 648, 649]",HS1,Fks1,Caspofungin,3925.0,No,"['16723566', '18591282', '18955538', '18955538', '20145084', '30895218']","[4, 7, 8, 8, 8, -8]",4,resistant
13,Candida albicans,Fks1,A0A1D8PCT0_CANAL,F641S,SLTLSLRDP,"[641, 642, 643, 644, 645, 646, 647, 648, 649]",HS1,Fks1,Micafungin,3925.0,No,"['16723566', '18955538', '20145084', '30895218']","[4, 8, 8, -8]",4,resistant
14,Candida albicans,Fks1,A0A1D8PCT0_CANAL,P649H,FLTLSLRDH,"[641, 642, 643, 644, 645, 646, 647, 648, 649]",HS1,Fks1,Anidulafungin,4079.0,No,['18955538'],[8],8,resistant
15,Candida albicans,Fks1,A0A1D8PCT0_CANAL,P649H,FLTLSLRDH,"[641, 642, 643, 644, 645, 646, 647, 648, 649]",HS1,Fks1,Caspofungin,4079.0,No,['18955538'],[8],8,resistant
16,Candida albicans,Fks1,A0A1D8PCT0_CANAL,P649H,FLTLSLRDH,"[641, 642, 643, 644, 645, 646, 647, 648, 649]",HS1,Fks1,Micafungin,4079.0,No,['18955538'],[8],8,resistant
17,Candida albicans,Fks1,A0A1D8PCT0_CANAL,P649L,FLTLSLRDL,"[641, 642, 643, 644, 645, 646, 647, 648, 649]",HS1,Fks1,Amphotericin B,4082.0,No,['24733467'],[-1],-1,susceptible
18,Candida albicans,Fks1,A0A1D8PCT0_CANAL,P649L,FLTLSLRDL,"[641, 642, 643, 644, 645, 646, 647, 648, 649]",HS1,Fks1,Anidulafungin,4082.0,No,['24733467'],[-1],-1,susceptible
19,Candida albicans,Fks1,A0A1D8PCT0_CANAL,P649L,FLTLSLRDL,"[641, 642, 643, 644, 645, 646, 647, 648, 649]",HS1,Fks1,Caspofungin,4082.0,No,['24733467'],[-1],-1,susceptible
20,Candida albicans,Fks1,A0A1D8PCT0_CANAL,P649L,FLTLSLRDL,"[641, 642, 643, 644, 645, 646, 647, 648, 649]",HS1,Fks1,Fluconazole,4082.0,No,['24733467'],[-1],-1,susceptible
21,Candida albicans,Fks1,A0A1D8PCT0_CANAL,P649L,FLTLSLRDL,"[641, 642, 643, 644, 645, 646, 647, 648, 649]",HS1,Fks1,Isavuconazole,4082.0,No,['24733467'],[-1],-1,susceptible
22,Candida albicans,Fks1,A0A1D8PCT0_CANAL,P649L,FLTLSLRDL,"[641, 642, 643, 644, 645, 646, 647, 648, 649]",HS1,Fks1,Micafungin,4082.0,No,['24733467'],[-1],-1,susceptible
23,Candida albicans,Fks1,A0A1D8PCT0_CANAL,P649L,FLTLSLRDL,"[641, 642, 643, 644, 645, 646, 647, 648, 649]",HS1,Fks1,Voriconazole,4082.0,No,['24733467'],[-1],-1,susceptible
24,Candida albicans,Fks1,A0A1D8PCT0_CANAL,R647G,FLTLSLGDP,"[641, 642, 643, 644, 645, 646, 647, 648, 649]",HS1,Fks1,Amphotericin B,4039.0,No,['24733467'],[-1],-1,susceptible
25,Candida albicans,Fks1,A0A1D8PCT0_CANAL,R647G,FLTLSLGDP,"[641, 642, 643, 644, 645, 646, 647, 648, 649]",HS1,Fks1,Anidulafungin,4039.0,No,"['24733467', '31520783']","[-1, -8]",-1,susceptible
26,Candida albicans,Fks1,A0A1D8PCT0_CANAL,R647G,FLTLSLGDP,"[641, 642, 643, 644, 645, 646, 647, 648, 649]",HS1,Fks1,Caspofungin,4039.0,No,"['24733467', '31520783']","[-1, -8]",-1,susceptible
27,Candida albicans,Fks1,A0A1D8PCT0_CANAL,R647G,FLTLSLGDP,"[641, 642, 643, 644, 645, 646, 647, 648, 649]",HS1,Fks1,Fluconazole,4039.0,No,['24733467'],[-1],-1,susceptible
28,Candida albicans,Fks1,A0A1D8PCT0_CANAL,R647G,FLTLSLGDP,"[641, 642, 643, 644, 645, 646, 647, 648, 649]",HS1,Fks1,Isavuconazole,4039.0,No,['24733467'],[-1],-1,susceptible
29,Candida albicans,Fks1,A0A1D8PCT0_CANAL,R647G,FLTLSLGDP,"[641, 642, 643, 644, 645, 646, 647, 648, 649]",HS1,Fks1,Micafungin,4039.0,No,"['24733467', '31520783']","[1, -8]",1,resistant
30,Candida albicans,Fks1,A0A1D8PCT0_CANAL,R647G,FLTLSLGDP,"[641, 642, 643, 644, 645, 646, 647, 648, 649]",HS1,Fks1,Voriconazole,4039.0,No,['24733467'],[-1],-1,susceptible
31,Candida albicans,Fks1,A0A1D8PCT0_CANAL,S645F,FLTLFLRDP,"[641, 642, 643, 644, 645, 646, 647, 648, 649]",HS1,Fks1,Anidulafungin,3997.0,No,"['16723566', '18955538']","[4, 8]",4,resistant
32,Candida albicans,Fks1,A0A1D8PCT0_CANAL,S645F,FLTLFLRDP,"[641, 642, 643, 644, 645, 646, 647, 648, 649]",HS1,Fks1,Caspofungin,3997.0,No,"['16048935', '16048935', '16048935', '16048935', '16723566', '18955538', '37746235']","[8, 8, 8, 7, 4, 8, 4]",4,resistant
33,Candida albicans,Fks1,A0A1D8PCT0_CANAL,S645F,FLTLFLRDP,"[641, 642, 643, 644, 645, 646, 647, 648, 649]",HS1,Fks1,Micafungin,3997.0,No,"['16723566', '18955538']","[4, 8]",4,resistant
34,Candida albicans,Fks1,A0A1D8PCT0_CANAL,S645P,FLTLPLRDP,"[641, 642, 643, 644, 645, 646, 647, 648, 649]",HS1,Fks1,Anidulafungin,4005.0,No,"['16723566', '18955538', '20145084', '28784671', '30895218', '30895218', '30895218', '30895218', '31520783']","[4, 8, 8, -8, -8, -8, -8, -8, 8]",4,resistant
35,Candida albicans,Fks1,A0A1D8PCT0_CANAL,S645P,FLTLPLRDP,"[641, 642, 643, 644, 645, 646, 647, 648, 649]",HS1,Fks1,Caspofungin,4005.0,No,"['16048935', '16048935', '16048935', '16048935', '16048935', '16048935', '16048935', '16048935', '16048935', '16048935', '16716141', '16723566', '16723566', '18591282', '18955538', '20145084', '28784671', '30895218', '30895218', '30895218', '30895218', '31520783']","[8, 8, 8, 8, 1, 1, 1, 1, 1, 8, 8, 4, 7, 7, 8, 8, 8, 8, 8, 8, 8, 8]",1,resistant
36,Candida albicans,Fks1,A0A1D8PCT0_CANAL,S645P,FLTLPLRDP,"[641, 642, 643, 644, 645, 646, 647, 648, 649]",HS1,Fks1,Fluconazole,4005.0,No,['16716141'],[8],8,resistant
37,Candida albicans,Fks1,A0A1D8PCT0_CANAL,S645P,FLTLPLRDP,"[641, 642, 643, 644, 645, 646, 647, 648, 649]",HS1,Fks1,Micafungin,4005.0,No,"['16723566', '18955538', '20145084', '28784671', '30895218', '30895218', '30895218', '30895218', '31520783']","[4, 8, 8, 8, 8, 8, 8, 8, 8]",4,resistant
38,Candida albicans,Fks1,A0A1D8PCT0_CANAL,S645Y,FLTLYLRDP,"[641, 642, 643, 644, 645, 646, 647, 648, 649]",HS1,Fks1,Anidulafungin,4013.0,No,"['16723566', '18955538']","[4, 8]",4,resistant
39,Candida albicans,Fks1,A0A1D8PCT0_CANAL,S645Y,FLTLYLRDP,"[641, 642, 643, 644, 645, 646, 647, 648, 649]",HS1,Fks1,Caspofungin,4013.0,No,"['16048935', '16048935', '16723566', '18591282', '18955538', '37746235']","[8, 7, 4, 7, 8, 4]",4,resistant
40,Candida albicans,Fks1,A0A1D8PCT0_CANAL,S645Y,FLTLYLRDP,"[641, 642, 643, 644, 645, 646, 647, 648, 649]",HS1,Fks1,Micafungin,4013.0,No,"['16723566', '18955538']","[4, 8]",4,resistant
41,Candida auris,Fks1,A0A0L0P0U2_CANAR,D642Y,FLTLSLRYP,"[635, 636, 637, 638, 639, 640, 641, 642, 643]",HS1,Fks1,Anidulafungin,4073.0,No,['36920237'],[8],8,resistant
42,Candida auris,Fks1,A0A0L0P0U2_CANAR,D642Y,FLTLSLRYP,"[635, 636, 637, 638, 639, 640, 641, 642, 643]",HS1,Fks1,Caspofungin,4073.0,No,['36920237'],[8],8,resistant
43,Candida auris,Fks1,A0A0L0P0U2_CANAR,D642Y,FLTLSLRYP,"[635, 636, 637, 638, 639, 640, 641, 642, 643]",HS1,Fks1,Micafungin,4073.0,No,['36920237'],[8],8,resistant
44,Candida auris,Fks1,A0A0L0P0U2_CANAR,F635C,CLTLSLRDP,"[635, 636, 637, 638, 639, 640, 641, 642, 643]",HS1,Fks1,Anidulafungin,3912.0,No,['36975998'],[8],8,resistant
45,Candida auris,Fks1,A0A0L0P0U2_CANAR,F635C,CLTLSLRDP,"[635, 636, 637, 638, 639, 640, 641, 642, 643]",HS1,Fks1,Caspofungin,3912.0,No,['36975998'],[8],8,resistant
46,Candida auris,Fks1,A0A0L0P0U2_CANAR,F635C,CLTLSLRDP,"[635, 636, 637, 638, 639, 640, 641, 642, 643]",HS1,Fks1,Micafungin,3912.0,No,['36975998'],[8],8,resistant
47,Candida auris,Fks1,A0A0L0P0U2_CANAR,F635S,SLTLSLRDP,"[635, 636, 637, 638, 639, 640, 641, 642, 643]",HS1,Fks1,Anidulafungin,3925.0,No,['36975998'],[-8],-8,susceptible
48,Candida auris,Fks1,A0A0L0P0U2_CANAR,F635S,SLTLSLRDP,"[635, 636, 637, 638, 639, 640, 641, 642, 643]",HS1,Fks1,Caspofungin,3925.0,No,['36975998'],[-8],-8,susceptible
49,Candida auris,Fks1,A0A0L0P0U2_CANAR,F635S,SLTLSLRDP,"[635, 636, 637, 638, 639, 640, 641, 642, 643]",HS1,Fks1,Micafungin,3925.0,No,['36975998'],[-8],-8,susceptible
50,Candida auris,Fks1,A0A0L0P0U2_CANAR,F635Y,YLTLSLRDP,"[635, 636, 637, 638, 639, 640, 641, 642, 643]",HS1,Fks1,Anidulafungin,3930.0,No,['36975998'],[8],8,resistant
51,Candida auris,Fks1,A0A0L0P0U2_CANAR,F635Y,YLTLSLRDP,"[635, 636, 637, 638, 639, 640, 641, 642, 643]",HS1,Fks1,Caspofungin,3930.0,No,['36975998'],[8],8,resistant
52,Candida auris,Fks1,A0A0L0P0U2_CANAR,F635Y,YLTLSLRDP,"[635, 636, 637, 638, 639, 640, 641, 642, 643]",HS1,Fks1,Micafungin,3930.0,No,['36975998'],[8],8,resistant
53,Candida auris,Fks1,A0A0L0P0U2_CANAR,S639F,FLTLFLRDP,"[635, 636, 637, 638, 639, 640, 641, 642, 643]",HS1,Fks1,Anidulafungin,3997.0,No,"['29325167', '29632013', '34060660', '34060660', '36920237', '36975998']","[8, 8, -8, 8, 8, 8]",8,resistant
54,Candida auris,Fks1,A0A0L0P0U2_CANAR,S639F,FLTLFLRDP,"[635, 636, 637, 638, 639, 640, 641, 642, 643]",HS1,Fks1,Caspofungin,3997.0,No,"['29325167', '29632013', '36920237', '36975998']","[8, 8, 8, -8]",8,resistant
55,Candida auris,Fks1,A0A0L0P0U2_CANAR,S639F,FLTLFLRDP,"[635, 636, 637, 638, 639, 640, 641, 642, 643]",HS1,Fks1,Micafungin,3997.0,No,"['29325167', '29632013', '34060660', '34060660', '36920237', '36975998']","[8, 8, 8, 8, 8, -8]",8,resistant
56,Candida auris,Fks1,A0A0L0P0U2_CANAR,S639P,FLTLPLRDP,"[635, 636, 637, 638, 639, 640, 641, 642, 643]",HS1,Fks1,Anidulafungin,4005.0,No,"['29307565', '31281859', '36975998']","[8, 8, 8]",8,resistant
57,Candida auris,Fks1,A0A0L0P0U2_CANAR,S639P,FLTLPLRDP,"[635, 636, 637, 638, 639, 640, 641, 642, 643]",HS1,Fks1,CD101,4005.0,No,"['29307565', '29307565']","[8, 8]",8,resistant
58,Candida auris,Fks1,A0A0L0P0U2_CANAR,S639P,FLTLPLRDP,"[635, 636, 637, 638, 639, 640, 641, 642, 643]",HS1,Fks1,Caspofungin,4005.0,No,"['31281859', '36975998']","[8, 8]",8,resistant
59,Candida auris,Fks1,A0A0L0P0U2_CANAR,S639P,FLTLPLRDP,"[635, 636, 637, 638, 639, 640, 641, 642, 643]",HS1,Fks1,Fluconazole,4005.0,No,['35862787'],[4],4,resistant
60,Candida auris,Fks1,A0A0L0P0U2_CANAR,S639P,FLTLPLRDP,"[635, 636, 637, 638, 639, 640, 641, 642, 643]",HS1,Fks1,Micafungin,4005.0,No,"['31281859', '36975998']","[8, 8]",8,resistant
61,Candida auris,Fks1,A0A0L0P0U2_CANAR,S639P,FLTLPLRDP,"[635, 636, 637, 638, 639, 640, 641, 642, 643]",HS1,Fks1,Voriconazole,4005.0,No,['31281859'],[8],8,resistant
62,Candida auris,Fks1,A0A0L0P0U2_CANAR,S639Y,FLTLYLRDP,"[635, 636, 637, 638, 639, 640, 641, 642, 643]",HS1,Fks1,Anidulafungin,4013.0,No,"['36920237', '36920237', '36975998']","[8, 7, 8]",7,resistant
63,Candida auris,Fks1,A0A0L0P0U2_CANAR,S639Y,FLTLYLRDP,"[635, 636, 637, 638, 639, 640, 641, 642, 643]",HS1,Fks1,Caspofungin,4013.0,No,"['36920237', '36920237', '36975998']","[8, 7, 8]",7,resistant
64,Candida auris,Fks1,A0A0L0P0U2_CANAR,S639Y,FLTLYLRDP,"[635, 636, 637, 638, 639, 640, 641, 642, 643]",HS1,Fks1,Micafungin,4013.0,No,"['36920237', '36920237', '36975998']","[8, 7, 8]",7,resistant
65,Candida dubliniensis,Fks1,B9W729_CANDC,S645P,FLTLPLRDP,"[641, 642, 643, 644, 645, 646, 647, 648, 649]",HS1,Fks1,Anidulafungin,4005.0,No,['30895218'],[8],8,resistant
66,Candida dubliniensis,Fks1,B9W729_CANDC,S645P,FLTLPLRDP,"[641, 642, 643, 644, 645, 646, 647, 648, 649]",HS1,Fks1,Caspofungin,4005.0,No,['30895218'],[8],8,resistant
67,Candida dubliniensis,Fks1,B9W729_CANDC,S645P,FLTLPLRDP,"[641, 642, 643, 644, 645, 646, 647, 648, 649]",HS1,Fks1,Micafungin,4005.0,No,['30895218'],[8],8,resistant
68,Candida kefyr,Fks1,W0TDH9_KLUMD,R657G,FLTLSLGDP,"[651, 652, 653, 654, 655, 656, 657, 658, 659]",HS1,Fks1,Anidulafungin,4039.0,No,"['24982083', '24982083']","[-8, 2]",2,resistant
69,Candida kefyr,Fks1,W0TDH9_KLUMD,R657G,FLTLSLGDP,"[651, 652, 653, 654, 655, 656, 657, 658, 659]",HS1,Fks1,Caspofungin,4039.0,No,"['24982083', '24982083']","[8, 2]",2,resistant
70,Candida kefyr,Fks1,W0TDH9_KLUMD,R657G,FLTLSLGDP,"[651, 652, 653, 654, 655, 656, 657, 658, 659]",HS1,Fks1,Micafungin,4039.0,No,"['24982083', '24982083']","[8, 2]",2,resistant
71,Candida kefyr,Fks1,W0TDH9_KLUMD,S655P,FLTLPLRDP,"[651, 652, 653, 654, 655, 656, 657, 658, 659]",HS1,Fks1,Anidulafungin,4005.0,No,"['24982083', '24982083']","[8, 2]",2,resistant
72,Candida kefyr,Fks1,W0TDH9_KLUMD,S655P,FLTLPLRDP,"[651, 652, 653, 654, 655, 656, 657, 658, 659]",HS1,Fks1,Caspofungin,4005.0,No,"['24982083', '24982083']","[8, 2]",2,resistant
73,Candida kefyr,Fks1,W0TDH9_KLUMD,S655P,FLTLPLRDP,"[651, 652, 653, 654, 655, 656, 657, 658, 659]",HS1,Fks1,Micafungin,4005.0,No,"['24982083', '24982083']","[8, 2]",2,resistant
74,Candida krusei,Fks1,Q4U2W2_PICKU,F655C,CLILSIRDP,"[655, 656, 657, 658, 659, 660, 661, 662, 663]",HS1,Fks1,Anidulafungin,3912.0,No,"['17325225', '17325225']","[8, 7]",7,resistant
75,Candida krusei,Fks1,Q4U2W2_PICKU,F655C,CLILSIRDP,"[655, 656, 657, 658, 659, 660, 661, 662, 663]",HS1,Fks1,Caspofungin,3912.0,No,"['17325225', '17325225']","[8, 7]",7,resistant
76,Candida krusei,Fks1,Q4U2W2_PICKU,F655C,CLILSIRDP,"[655, 656, 657, 658, 659, 660, 661, 662, 663]",HS1,Fks1,Micafungin,3912.0,No,"['17325225', '17325225']","[8, 7]",7,resistant
77,Candida lusitaniae,Fks1,A0A202G441_CLALS,F634V,VLTLSLRDP,"[634, 635, 636, 637, 638, 639, 640, 641, 642]",HS1,Fks1,Caspofungin,3927.0,No,['30517635'],[1],1,resistant
78,Candida lusitaniae,Fks1,A0A202G441_CLALS,P642A,FLTLSLRDA,"[634, 635, 636, 637, 638, 639, 640, 641, 642]",HS1,Fks1,Caspofungin,4074.0,No,['30517635'],[1],1,resistant
79,Candida lusitaniae,Fks1,A0A202G441_CLALS,S638P,FLTLPLRDP,"[634, 635, 636, 637, 638, 639, 640, 641, 642]",HS1,Fks1,Caspofungin,4005.0,No,['30517635'],[1],1,resistant
80,Candida metapsilosis,Fks1,A0A8H7ZL19_9ASCO,S656P,FLTLPLRDA,"[652, 653, 654, 655, 656, 657, 658, 659, 660]",HS1,Fks1,Anidulafungin,4005.0,No,['36440795'],[1],1,resistant
81,Candida metapsilosis,Fks1,A0A8H7ZL19_9ASCO,S656P,FLTLPLRDA,"[652, 653, 654, 655, 656, 657, 658, 659, 660]",HS1,Fks1,Caspofungin,4005.0,No,['36440795'],[1],1,resistant
82,Candida metapsilosis,Fks1,A0A8H7ZL19_9ASCO,S656P,FLTLPLRDA,"[652, 653, 654, 655, 656, 657, 658, 659, 660]",HS1,Fks1,Micafungin,4005.0,No,['36440795'],[1],1,resistant
83,Candida parapsilosis,Fks1,G8B820_CANPC,S656P,FLTLPLRDA,"[652, 653, 654, 655, 656, 657, 658, 659, 660]",HS1,Fks1,Anidulafungin,4005.0,No,['36440795'],[1],1,resistant
84,Candida parapsilosis,Fks1,G8B820_CANPC,S656P,FLTLPLRDA,"[652, 653, 654, 655, 656, 657, 658, 659, 660]",HS1,Fks1,Caspofungin,4005.0,No,['36440795'],[1],1,resistant
85,Candida parapsilosis,Fks1,G8B820_CANPC,S656P,FLTLPLRDA,"[652, 653, 654, 655, 656, 657, 658, 659, 660]",HS1,Fks1,Fluconazole,4005.0,No,['36440795'],[1],1,resistant
86,Candida parapsilosis,Fks1,G8B820_CANPC,S656P,FLTLPLRDA,"[652, 653, 654, 655, 656, 657, 658, 659, 660]",HS1,Fks1,Micafungin,4005.0,No,['36440795'],[1],1,resistant
87,Candida tropicalis,Fks1,B6S6L8_CANTR,F650S,SLTLSLRDP,"[650, 651, 652, 653, 654, 655, 656, 657, 658]",HS1,Fks1,Anidulafungin,3925.0,No,"['30895218', '31520783']","[8, 8]",8,resistant
88,Candida tropicalis,Fks1,B6S6L8_CANTR,F650S,SLTLSLRDP,"[650, 651, 652, 653, 654, 655, 656, 657, 658]",HS1,Fks1,Caspofungin,3925.0,No,"['30895218', '31520783']","[8, 8]",8,resistant
89,Candida tropicalis,Fks1,B6S6L8_CANTR,F650S,SLTLSLRDP,"[650, 651, 652, 653, 654, 655, 656, 657, 658]",HS1,Fks1,Micafungin,3925.0,No,"['30895218', '31520783']","[8, 8]",8,resistant
90,Candida tropicalis,Fks1,B6S6L8_CANTR,F650Y,YLTLSLRDP,"[650, 651, 652, 653, 654, 655, 656, 657, 658]",HS1,Fks1,Anidulafungin,,Yes,['20145084'],[8],8,resistant
91,Candida tropicalis,Fks1,B6S6L8_CANTR,F650Y,YLTLSLRDP,"[650, 651, 652, 653, 654, 655, 656, 657, 658]",HS1,Fks1,Caspofungin,,Yes,['20145084'],[8],8,resistant
92,Candida tropicalis,Fks1,B6S6L8_CANTR,F650Y,YLTLSLRDP,"[650, 651, 652, 653, 654, 655, 656, 657, 658]",HS1,Fks1,Micafungin,,Yes,['20145084'],[8],8,resistant
93,Candida tropicalis,Fks1,B6S6L8_CANTR,S654P,FLTLPLRDP,"[650, 651, 652, 653, 654, 655, 656, 657, 658]",HS1,Fks1,Anidulafungin,4005.0,No,"['30895218', '30895218', '30895218', '30895218', '31520783']","[8, -8, 8, 8, 8]",8,resistant
94,Candida tropicalis,Fks1,B6S6L8_CANTR,S654P,FLTLPLRDP,"[650, 651, 652, 653, 654, 655, 656, 657, 658]",HS1,Fks1,Anidulafungin,,Yes,"['36135621', '36135621']","[8, 8]",8,resistant
95,Candida tropicalis,Fks1,B6S6L8_CANTR,S654P,FLTLPLRDP,"[650, 651, 652, 653, 654, 655, 656, 657, 658]",HS1,Fks1,Caspofungin,4005.0,No,"['30895218', '30895218', '30895218', '30895218', '31520783']","[8, 8, 8, 8, 8]",8,resistant
96,Candida tropicalis,Fks1,B6S6L8_CANTR,S654P,FLTLPLRDP,"[650, 651, 652, 653, 654, 655, 656, 657, 658]",HS1,Fks1,Caspofungin,,Yes,"['36135621', '36135621']","[8, 8]",8,resistant
97,Candida tropicalis,Fks1,B6S6L8_CANTR,S654P,FLTLPLRDP,"[650, 651, 652, 653, 654, 655, 656, 657, 658]",HS1,Fks1,Micafungin,4005.0,No,"['30895218', '30895218', '30895218', '30895218', '31520783']","[8, 8, 8, 8, 8]",8,resistant
98,Candida tropicalis,Fks1,B6S6L8_CANTR,S654P,FLTLPLRDP,"[650, 651, 652, 653, 654, 655, 656, 657, 658]",HS1,Fks1,Micafungin,,Yes,"['36135621', '36135621']","[8, 8]",8,resistant
99,Nakaseomyces glabrata,Fks1,Q6FTN8_CANGA,D632E,FLILSLREP,"[625, 626, 627, 628, 629, 630, 631, 632, 633]",HS1,Fks1,Anidulafungin,4056.0,No,"['18378714', '19546367', '19546367', '23487382', '24829248', '24829248']","[8, 8, 7, 8, 8, 8]",7,resistant
100,Nakaseomyces glabrata,Fks1,Q6FTN8_CANGA,D632E,FLILSLREP,"[625, 626, 627, 628, 629, 630, 631, 632, 633]",HS1,Fks1,Caspofungin,4056.0,No,"['18378714', '19546367', '19546367', '23487382', '24153129', '24153129', '24829248', '24829248']","[8, 8, 7, 8, 8, 8, 8, 8]",7,resistant
101,Nakaseomyces glabrata,Fks1,Q6FTN8_CANGA,D632E,FLILSLREP,"[625, 626, 627, 628, 629, 630, 631, 632, 633]",HS1,Fks1,Echinocandin,4056.0,No,['27020939'],[8],8,resistant
102,Nakaseomyces glabrata,Fks1,Q6FTN8_CANGA,D632E,FLILSLREP,"[625, 626, 627, 628, 629, 630, 631, 632, 633]",HS1,Fks1,Fluconazole,4056.0,No,"['23487382', '27020939']","[8, 8]",8,resistant
103,Nakaseomyces glabrata,Fks1,Q6FTN8_CANGA,D632E,FLILSLREP,"[625, 626, 627, 628, 629, 630, 631, 632, 633]",HS1,Fks1,Micafungin,4056.0,No,"['18378714', '19546367', '19546367', '23487382', '24153129', '24153129', '24829248', '24829248']","[8, 8, 7, 8, 8, 8, 8, 8]",7,resistant
104,Nakaseomyces glabrata,Fks1,Q6FTN8_CANGA,D632G,FLILSLRGP,"[625, 626, 627, 628, 629, 630, 631, 632, 633]",HS1,Fks1,Anidulafungin,4058.0,No,"['19546367', '19546367', '24829248']","[-8, 7, 8]",7,resistant
105,Nakaseomyces glabrata,Fks1,Q6FTN8_CANGA,D632G,FLILSLRGP,"[625, 626, 627, 628, 629, 630, 631, 632, 633]",HS1,Fks1,Caspofungin,4058.0,No,"['19546367', '19546367', '24829248']","[8, 7, 8]",7,resistant
106,Nakaseomyces glabrata,Fks1,Q6FTN8_CANGA,D632G,FLILSLRGP,"[625, 626, 627, 628, 629, 630, 631, 632, 633]",HS1,Fks1,Micafungin,4058.0,No,"['19546367', '19546367', '24829248']","[-8, 7, -8]",7,resistant
107,Nakaseomyces glabrata,Fks1,Q6FTN8_CANGA,D632H,FLILSLRHP,"[625, 626, 627, 628, 629, 630, 631, 632, 633]",HS1,Fks1,Amphotericin B,4059.0,No,['36106428'],[-8],-8,susceptible
108,Nakaseomyces glabrata,Fks1,Q6FTN8_CANGA,D632H,FLILSLRHP,"[625, 626, 627, 628, 629, 630, 631, 632, 633]",HS1,Fks1,Anidulafungin,4059.0,No,"['22751546', '36106428']","[8, -8]",8,resistant
109,Nakaseomyces glabrata,Fks1,Q6FTN8_CANGA,D632H,FLILSLRHP,"[625, 626, 627, 628, 629, 630, 631, 632, 633]",HS1,Fks1,Caspofungin,4059.0,No,"['22751546', '36106428']","[8, 8]",8,resistant
110,Nakaseomyces glabrata,Fks1,Q6FTN8_CANGA,D632H,FLILSLRHP,"[625, 626, 627, 628, 629, 630, 631, 632, 633]",HS1,Fks1,Fluconazole,4059.0,No,['36106428'],[-8],-8,susceptible
111,Nakaseomyces glabrata,Fks1,Q6FTN8_CANGA,D632H,FLILSLRHP,"[625, 626, 627, 628, 629, 630, 631, 632, 633]",HS1,Fks1,Micafungin,4059.0,No,"['22751546', '36106428']","[8, -8]",8,resistant
112,Nakaseomyces glabrata,Fks1,Q6FTN8_CANGA,D632V,FLILSLRVP,"[625, 626, 627, 628, 629, 630, 631, 632, 633]",HS1,Fks1,Anidulafungin,4070.0,No,"['24890592', '30895218']","[8, 8]",8,resistant
113,Nakaseomyces glabrata,Fks1,Q6FTN8_CANGA,D632V,FLILSLRVP,"[625, 626, 627, 628, 629, 630, 631, 632, 633]",HS1,Fks1,Caspofungin,4070.0,No,"['24890592', '30895218']","[8, 8]",8,resistant
114,Nakaseomyces glabrata,Fks1,Q6FTN8_CANGA,D632V,FLILSLRVP,"[625, 626, 627, 628, 629, 630, 631, 632, 633]",HS1,Fks1,Fluconazole,4070.0,No,['24890592'],[-8],-8,susceptible
115,Nakaseomyces glabrata,Fks1,Q6FTN8_CANGA,D632V,FLILSLRVP,"[625, 626, 627, 628, 629, 630, 631, 632, 633]",HS1,Fks1,Micafungin,4070.0,No,"['24890592', '30895218']","[8, 8]",8,resistant
116,Nakaseomyces glabrata,Fks1,Q6FTN8_CANGA,D632Y,FLILSLRYP,"[625, 626, 627, 628, 629, 630, 631, 632, 633]",HS1,Fks1,Anidulafungin,4073.0,No,"['19546367', '22751546', '24126582', '24829248', '24890592', '26392494']","[7, 8, -8, 8, -8, 8]",7,resistant
117,Nakaseomyces glabrata,Fks1,Q6FTN8_CANGA,D632Y,FLILSLRYP,"[625, 626, 627, 628, 629, 630, 631, 632, 633]",HS1,Fks1,Caspofungin,4073.0,No,"['19546367', '22751546', '24126582', '24153129', '24829248', '24890592', '26392494']","[7, 8, -8, -8, 8, -8, 8]",7,resistant
118,Nakaseomyces glabrata,Fks1,Q6FTN8_CANGA,D632Y,FLILSLRYP,"[625, 626, 627, 628, 629, 630, 631, 632, 633]",HS1,Fks1,Fluconazole,4073.0,No,"['24126582', '24890592', '27020939']","[8, -8, 8]",8,resistant
119,Nakaseomyces glabrata,Fks1,Q6FTN8_CANGA,D632Y,FLILSLRYP,"[625, 626, 627, 628, 629, 630, 631, 632, 633]",HS1,Fks1,Micafungin,4073.0,No,"['19546367', '22751546', '24126582', '24153129', '24829248', '24890592', '26392494']","[7, 8, -8, -8, 8, -8, 8]",7,resistant
120,Nakaseomyces glabrata,Fks1,Q6FTN8_CANGA,F625L,LLILSLRDP,"[625, 626, 627, 628, 629, 630, 631, 632, 633]",HS1,Fks1,Scy-078,3919.0,No,['28630180'],[4],4,resistant
121,Nakaseomyces glabrata,Fks1,Q6FTN8_CANGA,F625S,SLILSLRDP,"[625, 626, 627, 628, 629, 630, 631, 632, 633]",HS1,Fks1,Amphotericin B,3925.0,No,['26017039'],[-8],-8,susceptible
122,Nakaseomyces glabrata,Fks1,Q6FTN8_CANGA,F625S,SLILSLRDP,"[625, 626, 627, 628, 629, 630, 631, 632, 633]",HS1,Fks1,Anidulafungin,3925.0,No,"['19546367', '23487382', '24126582', '24829248', '26017039', '28784671', '30895218', '30895218', '30895218', '30895218', '31520783']","[8, 8, 8, 8, 8, 8, 8, 8, 8, 8, 8]",8,resistant
123,Nakaseomyces glabrata,Fks1,Q6FTN8_CANGA,F625S,SLILSLRDP,"[625, 626, 627, 628, 629, 630, 631, 632, 633]",HS1,Fks1,Caspofungin,3925.0,No,"['19546367', '23487382', '24126582', '24153129', '24153129', '24153129', '24829248', '26017039', '28784671', '30895218', '30895218', '30895218', '30895218', '31520783']","[8, 8, 8, 8, 8, 8, 8, 8, 8, 8, -8, 8, 8, 8]",8,resistant
124,Nakaseomyces glabrata,Fks1,Q6FTN8_CANGA,F625S,SLILSLRDP,"[625, 626, 627, 628, 629, 630, 631, 632, 633]",HS1,Fks1,Echinocandin,3925.0,No,"['27020939', '27020939']","[8, 8]",8,resistant
125,Nakaseomyces glabrata,Fks1,Q6FTN8_CANGA,F625S,SLILSLRDP,"[625, 626, 627, 628, 629, 630, 631, 632, 633]",HS1,Fks1,Fluconazole,3925.0,No,"['23487382', '24126582', '26017039', '27020939']","[-8, 8, 8, 8]",8,resistant
126,Nakaseomyces glabrata,Fks1,Q6FTN8_CANGA,F625S,SLILSLRDP,"[625, 626, 627, 628, 629, 630, 631, 632, 633]",HS1,Fks1,Micafungin,3925.0,No,"['19546367', '23487382', '24126582', '24153129', '24153129', '24153129', '24829248', '26017039', '28784671', '30895218', '30895218', '30895218', '30895218', '31520783']","[-8, 8, -8, 8, 8, 8, 8, -8, 8, 8, -8, 8, 8, -8]",8,resistant
127,Nakaseomyces glabrata,Fks1,Q6FTN8_CANGA,F625S,SLILSLRDP,"[625, 626, 627, 628, 629, 630, 631, 632, 633]",HS1,Fks1,Voriconazole,3925.0,No,['26017039'],[-8],-8,susceptible
128,Nakaseomyces glabrata,Fks1,Q6FTN8_CANGA,F625Y,YLILSLRDP,"[625, 626, 627, 628, 629, 630, 631, 632, 633]",HS1,Fks1,Anidulafungin,3930.0,No,"['24126582', '30895218']","[-8, 8]",8,resistant
129,Nakaseomyces glabrata,Fks1,Q6FTN8_CANGA,F625Y,YLILSLRDP,"[625, 626, 627, 628, 629, 630, 631, 632, 633]",HS1,Fks1,Caspofungin,3930.0,No,"['24126582', '24153129', '30895218']","[-8, -8, -8]",-8,susceptible
130,Nakaseomyces glabrata,Fks1,Q6FTN8_CANGA,F625Y,YLILSLRDP,"[625, 626, 627, 628, 629, 630, 631, 632, 633]",HS1,Fks1,Fluconazole,3930.0,No,['24126582'],[-8],-8,susceptible
131,Nakaseomyces glabrata,Fks1,Q6FTN8_CANGA,F625Y,YLILSLRDP,"[625, 626, 627, 628, 629, 630, 631, 632, 633]",HS1,Fks1,Micafungin,3930.0,No,"['24126582', '24153129', '30895218']","[-8, -8, -8]",-8,susceptible
132,Nakaseomyces glabrata,Fks1,Q6FTN8_CANGA,F625del,-LILSLRDP,"['NA', 625, 626, 627, 628, 629, 630, 631, 632]",HS1,Fks1,Scy-078,3931.0,No,['28630180'],[4],4,resistant
133,Nakaseomyces glabrata,Fks1,Q6FTN8_CANGA,L630I,FLILSIRDP,"[625, 626, 627, 628, 629, 630, 631, 632, 633]",HS1,Fks1,Anidulafungin,4021.0,No,"['22948870', '24126582', '30895218']","[8, -8, 8]",8,resistant
134,Nakaseomyces glabrata,Fks1,Q6FTN8_CANGA,L630I,FLILSIRDP,"[625, 626, 627, 628, 629, 630, 631, 632, 633]",HS1,Fks1,Caspofungin,4021.0,No,"['22948870', '24126582', '24153129', '30895218']","[8, -8, -8, 8]",8,resistant
135,Nakaseomyces glabrata,Fks1,Q6FTN8_CANGA,L630I,FLILSIRDP,"[625, 626, 627, 628, 629, 630, 631, 632, 633]",HS1,Fks1,Fluconazole,4021.0,No,['24126582'],[-8],-8,susceptible
136,Nakaseomyces glabrata,Fks1,Q6FTN8_CANGA,L630I,FLILSIRDP,"[625, 626, 627, 628, 629, 630, 631, 632, 633]",HS1,Fks1,Micafungin,4021.0,No,"['22948870', '24126582', '24153129', '30895218']","[8, -8, -8, -8]",8,resistant
137,Nakaseomyces glabrata,Fks1,Q6FTN8_CANGA,R631G,FLILSLGDP,"[625, 626, 627, 628, 629, 630, 631, 632, 633]",HS1,Fks1,Anidulafungin,4039.0,No,"['20837754', '23487382', '24890592']","[8, -8, 8]",8,resistant
138,Nakaseomyces glabrata,Fks1,Q6FTN8_CANGA,R631G,FLILSLGDP,"[625, 626, 627, 628, 629, 630, 631, 632, 633]",HS1,Fks1,Caspofungin,4039.0,No,"['20837754', '23487382', '24153129', '24890592']","[8, -8, -8, 8]",8,resistant
139,Nakaseomyces glabrata,Fks1,Q6FTN8_CANGA,R631G,FLILSLGDP,"[625, 626, 627, 628, 629, 630, 631, 632, 633]",HS1,Fks1,Echinocandin,4039.0,No,['27020939'],[8],8,resistant
140,Nakaseomyces glabrata,Fks1,Q6FTN8_CANGA,R631G,FLILSLGDP,"[625, 626, 627, 628, 629, 630, 631, 632, 633]",HS1,Fks1,Fluconazole,4039.0,No,"['23487382', '24890592', '27020939']","[8, -8, 8]",8,resistant
141,Nakaseomyces glabrata,Fks1,Q6FTN8_CANGA,R631G,FLILSLGDP,"[625, 626, 627, 628, 629, 630, 631, 632, 633]",HS1,Fks1,Micafungin,4039.0,No,"['20837754', '23487382', '24153129', '24890592']","[8, -8, -8, 8]",8,resistant
142,Nakaseomyces glabrata,Fks1,Q6FTN8_CANGA,S629F,FLILFLRDP,"[625, 626, 627, 628, 629, 630, 631, 632, 633]",HS1,Fks1,Anidulafungin,3997.0,No,['34699784'],[8],8,resistant
143,Nakaseomyces glabrata,Fks1,Q6FTN8_CANGA,S629P,FLILPLRDP,"[625, 626, 627, 628, 629, 630, 631, 632, 633]",HS1,Fks1,Anidulafungin,4005.0,No,"['24829248', '19546367', '20145084', '20837754', '22354305', '22948870', '24126582', '24126582', '24126582', '24890592', '28784671', '30895218', '30895218', '30895218', '30895218', '31111912', '31111912', '31111912', '31520783', '32661647', '34699784', '34699784', '34699784']","[8, 8, 8, 8, 8, 8, 8, 8, 8, 8, 8, 8, 8, 8, 8, 8, 8, 8, 8, 8, 4, 4, 4]",4,resistant
144,Nakaseomyces glabrata,Fks1,Q6FTN8_CANGA,S629P,FLILPLRDP,"[625, 626, 627, 628, 629, 630, 631, 632, 633]",HS1,Fks1,Caspofungin,4005.0,No,"['24829248', '19546367', '20145084', '20837754', '22354305', '22948870', '24126582', '24126582', '24126582', '24153129', '24153129', '24153129', '24890592', '28784671', '30559734', '30895218', '30895218', '30895218', '30895218', '31111912', '31111912', '31111912', '31111912', '31520783', '32661647']","[8, 8, 8, 8, 8, 8, 8, 8, 8, 8, 8, 8, 8, 8, 8, 8, 8, 8, 8, 8, 8, 8, 8, -8, 8]",8,resistant
145,Nakaseomyces glabrata,Fks1,Q6FTN8_CANGA,S629P,FLILPLRDP,"[625, 626, 627, 628, 629, 630, 631, 632, 633]",HS1,Fks1,Echinocandin,4005.0,No,['27020939'],[8],8,resistant
146,Nakaseomyces glabrata,Fks1,Q6FTN8_CANGA,S629P,FLILPLRDP,"[625, 626, 627, 628, 629, 630, 631, 632, 633]",HS1,Fks1,Fluconazole,4005.0,No,"['24126582', '24126582', '24126582', '24890592', '27020939']","[8, -8, 8, -8, 8]",8,resistant
147,Nakaseomyces glabrata,Fks1,Q6FTN8_CANGA,S629P,FLILPLRDP,"[625, 626, 627, 628, 629, 630, 631, 632, 633]",HS1,Fks1,Micafungin,4005.0,No,"['24829248', '19546367', '20145084', '20837754', '22354305', '22948870', '24126582', '24126582', '24126582', '24153129', '24153129', '24153129', '24890592', '28784671', '30895218', '30895218', '30895218', '30895218', '31111912', '31111912', '31111912', '31111912', '31520783', '32661647']","[8, 8, 8, 8, 8, 8, 8, 8, 8, 8, 8, 8, 8, 8, 8, 8, 8, 8, 8, 8, 8, 8, 8, 8]",8,resistant
148,Nakaseomyces glabrata,Fks1,Q6FTN8_CANGA,S629Y,FLILYLRDP,"[625, 626, 627, 628, 629, 630, 631, 632, 633]",HS1,Fks1,Anidulafungin,4013.0,No,['34699784'],[8],8,resistant
149,Saccharomyces cerevisiae,Fks1,FKS1_YEAST,D646Y,FLVLSLRYP,"[639, 640, 641, 642, 643, 644, 645, 646, 647]",HS1,Fks1,Caspofungin,4073.0,No,['10.1128/AAC.49.8.3264-3273.2005'],[8],8,resistant
150,Saccharomyces cerevisiae,Fks1,FKS1_YEAST,F639I,ILVLSLRDP,"[639, 640, 641, 642, 643, 644, 645, 646, 647]",HS1,Fks1,Caspofungin,3917.0,No,['10.1128/AAC.49.8.3264-3273.2005'],[8],8,resistant
151,Saccharomyces cerevisiae,Fks1,FKS1_YEAST,F639V,VLVLSLRDP,"[639, 640, 641, 642, 643, 644, 645, 646, 647]",HS1,Fks1,Caspofungin,3927.0,No,['19258277'],[2],2,resistant
152,Saccharomyces cerevisiae,Fks1,FKS1_YEAST,F639V,VLVLSLRDP,"[639, 640, 641, 642, 643, 644, 645, 646, 647]",HS1,Fks1,Micafungin,3927.0,No,['19258277'],[2],2,resistant
153,Saccharomyces cerevisiae,Fks1,FKS1_YEAST,F639Y,YLVLSLRDP,"[639, 640, 641, 642, 643, 644, 645, 646, 647]",HS1,Fks1,Caspofungin,3930.0,No,"['19258277', '19258277']","[2, 8]",2,resistant
154,Saccharomyces cerevisiae,Fks1,FKS1_YEAST,F639Y,YLVLSLRDP,"[639, 640, 641, 642, 643, 644, 645, 646, 647]",HS1,Fks1,Micafungin,3930.0,No,"['19258277', '19258277']","[2, 8]",2,resistant
155,Saccharomyces cerevisiae,Fks1,FKS1_YEAST,L642S,FLVSSLRDP,"[639, 640, 641, 642, 643, 644, 645, 646, 647]",HS1,Fks1,Arbocandin C,3987.0,No,['14693557'],[1],1,resistant
156,Saccharomyces cerevisiae,Fks1,FKS1_YEAST,L642S,FLVSSLRDP,"[639, 640, 641, 642, 643, 644, 645, 646, 647]",HS1,Fks1,Arborcandin C,3987.0,No,['14693557'],[1],1,resistant
157,Saccharomyces cerevisiae,Fks1,FKS1_YEAST,P647A,FLVLSLRDA,"[639, 640, 641, 642, 643, 644, 645, 646, 647]",HS1,Fks1,Anidulafungin,4074.0,No,['18443110'],[2],2,resistant
158,Saccharomyces cerevisiae,Fks1,FKS1_YEAST,P647A,FLVLSLRDA,"[639, 640, 641, 642, 643, 644, 645, 646, 647]",HS1,Fks1,Caspofungin,4074.0,No,['18443110'],[2],2,resistant
159,Saccharomyces cerevisiae,Fks1,FKS1_YEAST,P647A,FLVLSLRDA,"[639, 640, 641, 642, 643, 644, 645, 646, 647]",HS1,Fks1,Micafungin,4074.0,No,['18443110'],[2],2,resistant
160,Saccharomyces cerevisiae,Fks1,FKS1_YEAST,V641K,FLKLSLRDP,"[639, 640, 641, 642, 643, 644, 645, 646, 647]",HS1,Fks1,Caspofungin,3960.0,No,['10.1128/AAC.49.8.3264-3273.2005'],[8],8,resistant
161,Candida albicans,Fks1,A0A1D8PCT0_CANAL,R1361H,DWIRHYTL,"[1357, 1358, 1359, 1360, 1361, 1362, 1363, 1364]",HS2,Fks1,Anidulafungin,4209.0,No,['18955538'],[8],8,resistant
162,Candida albicans,Fks1,A0A1D8PCT0_CANAL,R1361H,DWIRHYTL,"[1357, 1358, 1359, 1360, 1361, 1362, 1363, 1364]",HS2,Fks1,Caspofungin,4209.0,No,['18955538'],[8],8,resistant
163,Candida albicans,Fks1,A0A1D8PCT0_CANAL,R1361H,DWIRHYTL,"[1357, 1358, 1359, 1360, 1361, 1362, 1363, 1364]",HS2,Fks1,Micafungin,4209.0,No,['18955538'],[8],8,resistant
164,Candida albicans,Fks1,A0A1D8PCT0_CANAL,W1358R,DRIRRYTL,"[1357, 1358, 1359, 1360, 1361, 1362, 1363, 1364]",HS2,Fks1,Caspofungin,4169.0,No,['18591282'],[7],7,resistant
165,Candida auris,Fks1,A0A0L0P0U2_CANAR,R1354H,DWIRHYTL,"[1350, 1351, 1352, 1353, 1354, 1355, 1356, 1357]",HS2,Fks1,5-fluorocytosine,4209.0,No,['37233240'],[-1],-1,susceptible
166,Candida auris,Fks1,A0A0L0P0U2_CANAR,R1354H,DWIRHYTL,"[1350, 1351, 1352, 1353, 1354, 1355, 1356, 1357]",HS2,Fks1,Amphotericin B,4209.0,No,['37233240'],[-1],-1,susceptible
167,Candida auris,Fks1,A0A0L0P0U2_CANAR,R1354H,DWIRHYTL,"[1350, 1351, 1352, 1353, 1354, 1355, 1356, 1357]",HS2,Fks1,Anidulafungin,4209.0,No,"['37233240', '36920237', '36920237', '37233240']","[8, 8, 8, 1]",1,resistant
168,Candida auris,Fks1,A0A0L0P0U2_CANAR,R1354H,DWIRHYTL,"[1350, 1351, 1352, 1353, 1354, 1355, 1356, 1357]",HS2,Fks1,Caspofungin,4209.0,No,"['37233240', '36920237', '36920237', '37233240']","[8, 8, 8, 1]",1,resistant
169,Candida auris,Fks1,A0A0L0P0U2_CANAR,R1354H,DWIRHYTL,"[1350, 1351, 1352, 1353, 1354, 1355, 1356, 1357]",HS2,Fks1,Fluconazole,4209.0,No,['37233240'],[-1],-1,susceptible
170,Candida auris,Fks1,A0A0L0P0U2_CANAR,R1354H,DWIRHYTL,"[1350, 1351, 1352, 1353, 1354, 1355, 1356, 1357]",HS2,Fks1,Itraconazole,4209.0,No,['37233240'],[-1],-1,susceptible
171,Candida auris,Fks1,A0A0L0P0U2_CANAR,R1354H,DWIRHYTL,"[1350, 1351, 1352, 1353, 1354, 1355, 1356, 1357]",HS2,Fks1,Micafungin,4209.0,No,"['37233240', '36920237', '36920237', '37233240']","[8, 8, 8, 1]",1,resistant
172,Candida auris,Fks1,A0A0L0P0U2_CANAR,R1354H,DWIRHYTL,"[1350, 1351, 1352, 1353, 1354, 1355, 1356, 1357]",HS2,Fks1,Posaconazole,4209.0,No,['37233240'],[-1],-1,susceptible
173,Candida auris,Fks1,A0A0L0P0U2_CANAR,R1354H,DWIRHYTL,"[1350, 1351, 1352, 1353, 1354, 1355, 1356, 1357]",HS2,Fks1,Voriconazole,4209.0,No,['37233240'],[-1],-1,susceptible
174,Candida auris,Fks1,A0A0L0P0U2_CANAR,R1354Y,DWIRYYTL,"[1350, 1351, 1352, 1353, 1354, 1355, 1356, 1357]",HS2,Fks1,Anidulafungin,4222.0,No,['36920237'],[8],8,resistant
175,Candida auris,Fks1,A0A0L0P0U2_CANAR,R1354Y,DWIRYYTL,"[1350, 1351, 1352, 1353, 1354, 1355, 1356, 1357]",HS2,Fks1,Caspofungin,4222.0,No,['36920237'],[8],8,resistant
176,Candida auris,Fks1,A0A0L0P0U2_CANAR,R1354Y,DWIRYYTL,"[1350, 1351, 1352, 1353, 1354, 1355, 1356, 1357]",HS2,Fks1,Micafungin,4222.0,No,['36920237'],[8],8,resistant
177,Candida lusitaniae,Fks1,A0A202G441_CLALS,R1352G,DWIRGYTL,"[1348, 1349, 1350, 1351, 1352, 1353, 1354, 1355]",HS2,Fks1,Caspofungin,,No,['30517635'],[1],1,resistant
178,Candida parapsilosis,Fks1,G8B820_CANPC,W1370R,DRIRRYTL,"[1369, 1370, 1371, 1372, 1373, 1374, 1375, 1376]",HS2,Fks1,Anidulafungin,4169.0,No,['30429225'],[8],8,resistant
179,Candida parapsilosis,Fks1,G8B820_CANPC,W1370R,DRIRRYTL,"[1369, 1370, 1371, 1372, 1373, 1374, 1375, 1376]",HS2,Fks1,Caspofungin,4169.0,No,['30429225'],[8],8,resistant
180,Candida parapsilosis,Fks1,G8B820_CANPC,W1370R,DRIRRYTL,"[1369, 1370, 1371, 1372, 1373, 1374, 1375, 1376]",HS2,Fks1,Fluconazole,4169.0,No,['30429225'],[-8],-8,susceptible
181,Candida parapsilosis,Fks1,G8B820_CANPC,W1370R,DRIRRYTL,"[1369, 1370, 1371, 1372, 1373, 1374, 1375, 1376]",HS2,Fks1,Itraconazole,4169.0,No,['30429225'],[-8],-8,susceptible
182,Candida parapsilosis,Fks1,G8B820_CANPC,W1370R,DRIRRYTL,"[1369, 1370, 1371, 1372, 1373, 1374, 1375, 1376]",HS2,Fks1,Micafungin,4169.0,No,['30429225'],[8],8,resistant
183,Candida parapsilosis,Fks1,G8B820_CANPC,W1370R,DRIRRYTL,"[1369, 1370, 1371, 1372, 1373, 1374, 1375, 1376]",HS2,Fks1,Posaconazole,4169.0,No,['30429225'],[-8],-8,susceptible
184,Candida parapsilosis,Fks1,G8B820_CANPC,W1370R,DRIRRYTL,"[1369, 1370, 1371, 1372, 1373, 1374, 1375, 1376]",HS2,Fks1,Voriconazole,4169.0,No,['30429225'],[-8],-8,susceptible
185,Nakaseomyces glabrata,Fks2,Q6FMZ3_CANGA,D666E,FLILSLREP,"[659, 660, 661, 662, 663, 664, 665, 666, 667]",HS1,Fks2,Anidulafungin,4056.0,No,['19546367'],[-8],-8,susceptible
186,Nakaseomyces glabrata,Fks2,Q6FMZ3_CANGA,D666E,FLILSLREP,"[659, 660, 661, 662, 663, 664, 665, 666, 667]",HS1,Fks2,Caspofungin,4056.0,No,['19546367'],[8],8,resistant
187,Nakaseomyces glabrata,Fks2,Q6FMZ3_CANGA,D666E,FLILSLREP,"[659, 660, 661, 662, 663, 664, 665, 666, 667]",HS1,Fks2,Micafungin,4056.0,No,['19546367'],[-8],-8,susceptible
188,Nakaseomyces glabrata,Fks2,Q6FMZ3_CANGA,D666G,FLILSLRGP,"[659, 660, 661, 662, 663, 664, 665, 666, 667]",HS1,Fks2,Anidulafungin,4058.0,No,"['19546367', '34699784']","[8, 8]",8,resistant
189,Nakaseomyces glabrata,Fks2,Q6FMZ3_CANGA,D666G,FLILSLRGP,"[659, 660, 661, 662, 663, 664, 665, 666, 667]",HS1,Fks2,Caspofungin,4058.0,No,['19546367'],[8],8,resistant
190,Nakaseomyces glabrata,Fks2,Q6FMZ3_CANGA,D666G,FLILSLRGP,"[659, 660, 661, 662, 663, 664, 665, 666, 667]",HS1,Fks2,Fluconazole,4058.0,No,['27020939'],[8],8,resistant
191,Nakaseomyces glabrata,Fks2,Q6FMZ3_CANGA,D666G,FLILSLRGP,"[659, 660, 661, 662, 663, 664, 665, 666, 667]",HS1,Fks2,Micafungin,4058.0,No,['19546367'],[-8],-8,susceptible
192,Nakaseomyces glabrata,Fks2,Q6FMZ3_CANGA,D666H,FLILSLRHP,"[659, 660, 661, 662, 663, 664, 665, 666, 667]",HS1,Fks2,Anidulafungin,4059.0,No,['31354675'],[8],8,resistant
193,Nakaseomyces glabrata,Fks2,Q6FMZ3_CANGA,D666H,FLILSLRHP,"[659, 660, 661, 662, 663, 664, 665, 666, 667]",HS1,Fks2,Micafungin,4059.0,No,['31354675'],[8],8,resistant
194,Nakaseomyces glabrata,Fks2,Q6FMZ3_CANGA,D666V,FLILSLRVP,"[659, 660, 661, 662, 663, 664, 665, 666, 667]",HS1,Fks2,Anidulafungin,4070.0,No,['34575729'],[8],8,resistant
195,Nakaseomyces glabrata,Fks2,Q6FMZ3_CANGA,D666V,FLILSLRVP,"[659, 660, 661, 662, 663, 664, 665, 666, 667]",HS1,Fks2,Micafungin,4070.0,No,['34575729'],[8],8,resistant
196,Nakaseomyces glabrata,Fks2,Q6FMZ3_CANGA,D666Y,FLILSLRYP,"[659, 660, 661, 662, 663, 664, 665, 666, 667]",HS1,Fks2,Anidulafungin,4073.0,No,['24126582'],[-8],-8,susceptible
197,Nakaseomyces glabrata,Fks2,Q6FMZ3_CANGA,D666Y,FLILSLRYP,"[659, 660, 661, 662, 663, 664, 665, 666, 667]",HS1,Fks2,Caspofungin,4073.0,No,"['24126582', '24153129']","[-8, 8]",8,resistant
198,Nakaseomyces glabrata,Fks2,Q6FMZ3_CANGA,D666Y,FLILSLRYP,"[659, 660, 661, 662, 663, 664, 665, 666, 667]",HS1,Fks2,Fluconazole,4073.0,No,['24126582'],[-8],-8,susceptible
199,Nakaseomyces glabrata,Fks2,Q6FMZ3_CANGA,D666Y,FLILSLRYP,"[659, 660, 661, 662, 663, 664, 665, 666, 667]",HS1,Fks2,Micafungin,4073.0,No,"['24126582', '24153129']","[-8, -8]",-8,susceptible
200,Nakaseomyces glabrata,Fks2,Q6FMZ3_CANGA,F658del,-LILSLRDP,"['NA', 659, 660, 661, 662, 663, 664, 665, 666]",HS1,Fks2,Anidulafungin,3910.0,No,"['23487382', '24890592', '27872063', '30895218', '31520783']","[8, 8, 4, 8, 8]",4,resistant
201,Nakaseomyces glabrata,Fks2,Q6FMZ3_CANGA,F658del,-LILSLRDP,"['NA', 659, 660, 661, 662, 663, 664, 665, 666]",HS1,Fks2,Caspofungin,3910.0,No,"['23487382', '24153129', '24890592', '30895218', '31520783']","[8, 8, 8, -8, -8]",8,resistant
202,Nakaseomyces glabrata,Fks2,Q6FMZ3_CANGA,F658del,-LILSLRDP,"['NA', 659, 660, 661, 662, 663, 664, 665, 666]",HS1,Fks2,Echinocandin,3910.0,No,['27020939'],[8],8,resistant
203,Nakaseomyces glabrata,Fks2,Q6FMZ3_CANGA,F658del,-LILSLRDP,"['NA', 659, 660, 661, 662, 663, 664, 665, 666]",HS1,Fks2,Fluconazole,3910.0,No,"['23487382', '24890592', '27020939']","[-8, -8, 8]",8,resistant
204,Nakaseomyces glabrata,Fks2,Q6FMZ3_CANGA,F658del,-LILSLRDP,"['NA', 659, 660, 661, 662, 663, 664, 665, 666]",HS1,Fks2,Micafungin,3910.0,No,"['23487382', '24153129', '24890592', '27872063', '30895218', '31520783']","[8, 8, 8, 4, -8, 8]",4,resistant
205,Nakaseomyces glabrata,Fks2,Q6FMZ3_CANGA,F659L,LLILSLRDP,"[659, 660, 661, 662, 663, 664, 665, 666, 667]",HS1,Fks2,Anidulafungin,3919.0,No,"['22751546', '22751546', '22751546', '26392494']","[-8, -8, -8, -8]",-8,susceptible
206,Nakaseomyces glabrata,Fks2,Q6FMZ3_CANGA,F659L,LLILSLRDP,"[659, 660, 661, 662, 663, 664, 665, 666, 667]",HS1,Fks2,Caspofungin,3919.0,No,"['22751546', '22751546', '22751546', '26392494']","[8, 8, 8, 8]",8,resistant
207,Nakaseomyces glabrata,Fks2,Q6FMZ3_CANGA,F659L,LLILSLRDP,"[659, 660, 661, 662, 663, 664, 665, 666, 667]",HS1,Fks2,Micafungin,3919.0,No,"['22751546', '22751546', '22751546', '26392494']","[-8, -8, -8, -8]",-8,susceptible
208,Nakaseomyces glabrata,Fks2,Q6FMZ3_CANGA,F659L,LLILSLRDP,"[659, 660, 661, 662, 663, 664, 665, 666, 667]",HS1,Fks2,Scy-078,3919.0,No,['28630180'],[4],4,resistant
209,Nakaseomyces glabrata,Fks2,Q6FMZ3_CANGA,F659S,SLILSLRDP,"[659, 660, 661, 662, 663, 664, 665, 666, 667]",HS1,Fks2,Anidulafungin,3925.0,No,"['19546367', '19546367', '24126582', '24126582', '24126582', '24829248', '26392494', '28784671', '30895218', '30895218', '30895218', '30895218', '31520783', '34699784']","[8, 7, 8, -8, 8, 8, 8, 8, 8, -8, 8, 8, 8, 8]",7,resistant
210,Nakaseomyces glabrata,Fks2,Q6FMZ3_CANGA,F659S,SLILSLRDP,"[659, 660, 661, 662, 663, 664, 665, 666, 667]",HS1,Fks2,Caspofungin,3925.0,No,"['19546367', '19546367', '24126582', '24126582', '24126582', '24153129', '24153129', '24153129', '24829248', '26392494', '28784671', '30895218', '30895218', '30895218', '30895218', '31520783']","[8, 7, 8, -8, 8, 8, 8, 8, 8, 8, 8, 8, 8, 8, 8, 8]",7,resistant
211,Nakaseomyces glabrata,Fks2,Q6FMZ3_CANGA,F659S,SLILSLRDP,"[659, 660, 661, 662, 663, 664, 665, 666, 667]",HS1,Fks2,Fluconazole,3925.0,No,"['24126582', '24126582', '24126582']","[-8, -8, 8]",8,resistant
212,Nakaseomyces glabrata,Fks2,Q6FMZ3_CANGA,F659S,SLILSLRDP,"[659, 660, 661, 662, 663, 664, 665, 666, 667]",HS1,Fks2,Micafungin,3925.0,No,"['19546367', '19546367', '24126582', '24126582', '24126582', '24153129', '24153129', '24153129', '24829248', '26392494', '28784671', '30895218', '30895218', '30895218', '31520783']","[8, 7, -8, -8, -8, -8, -8, -8, 8, -8, 8, 8, 8, 8, 8]",7,resistant
213,Nakaseomyces glabrata,Fks2,Q6FMZ3_CANGA,F659S,SLILSLRDP,"[659, 660, 661, 662, 663, 664, 665, 666, 667]",HS1,Fks2,Scy-078,3925.0,No,['28630180'],[4],4,resistant
214,Nakaseomyces glabrata,Fks2,Q6FMZ3_CANGA,F659V,VLILSLRDP,"[659, 660, 661, 662, 663, 664, 665, 666, 667]",HS1,Fks2,Anidulafungin,3927.0,No,"['22948870', '19546367', '19546367', '23487382', '24126582', '24126582', '24829248', '30895218', '30895218']","[8, -8, 7, 8, 8, 8, 8, 8, 8]",7,resistant
215,Nakaseomyces glabrata,Fks2,Q6FMZ3_CANGA,F659V,VLILSLRDP,"[659, 660, 661, 662, 663, 664, 665, 666, 667]",HS1,Fks2,Caspofungin,3927.0,No,"['22948870', '19546367', '19546367', '23487382', '24126582', '24126582', '24153129', '24153129', '24153129', '24153129', '24829248', '30895218', '30895218']","[8, 8, 7, 8, 8, 8, 8, 8, 8, 8, 8, 8, 8]",7,resistant
216,Nakaseomyces glabrata,Fks2,Q6FMZ3_CANGA,F659V,VLILSLRDP,"[659, 660, 661, 662, 663, 664, 665, 666, 667]",HS1,Fks2,Echinocandin,3927.0,No,['27020939'],[8],8,resistant
217,Nakaseomyces glabrata,Fks2,Q6FMZ3_CANGA,F659V,VLILSLRDP,"[659, 660, 661, 662, 663, 664, 665, 666, 667]",HS1,Fks2,Fluconazole,3927.0,No,"['23487382', '24126582', '24126582', '27020939']","[8, -8, 8, 8]",8,resistant
218,Nakaseomyces glabrata,Fks2,Q6FMZ3_CANGA,F659V,VLILSLRDP,"[659, 660, 661, 662, 663, 664, 665, 666, 667]",HS1,Fks2,Micafungin,3927.0,No,"['22948870', '19546367', '19546367', '23487382', '24126582', '24126582', '24153129', '24153129', '24153129', '24153129', '24829248', '30895218']","[8, -8, 7, 8, 8, -8, 8, 8, 8, 8, 8, -8]",7,resistant
219,Nakaseomyces glabrata,Fks2,Q6FMZ3_CANGA,F659Y,YLILSLRDP,"[659, 660, 661, 662, 663, 664, 665, 666, 667]",HS1,Fks2,Anidulafungin,3930.0,No,"['20837754', '24126582', '24126582', '24829248', '24890592', '28784671']","[8, 8, 8, 8, 8, 8]",8,resistant
220,Nakaseomyces glabrata,Fks2,Q6FMZ3_CANGA,F659Y,YLILSLRDP,"[659, 660, 661, 662, 663, 664, 665, 666, 667]",HS1,Fks2,Caspofungin,3930.0,No,"['20837754', '24126582', '24126582', '24153129', '24153129', '24829248', '24890592', '28784671']","[8, 8, 8, 8, 8, 8, 8, 8]",8,resistant
221,Nakaseomyces glabrata,Fks2,Q6FMZ3_CANGA,F659Y,YLILSLRDP,"[659, 660, 661, 662, 663, 664, 665, 666, 667]",HS1,Fks2,Echinocandin,3930.0,No,['27020939'],[8],8,resistant
222,Nakaseomyces glabrata,Fks2,Q6FMZ3_CANGA,F659Y,YLILSLRDP,"[659, 660, 661, 662, 663, 664, 665, 666, 667]",HS1,Fks2,Fluconazole,3930.0,No,"['24126582', '24126582', '24890592', '27020939']","[-8, -8, -8, 8]",8,resistant
223,Nakaseomyces glabrata,Fks2,Q6FMZ3_CANGA,F659Y,YLILSLRDP,"[659, 660, 661, 662, 663, 664, 665, 666, 667]",HS1,Fks2,Micafungin,3930.0,No,"['20837754', '24126582', '24126582', '24153129', '24153129', '24829248', '24890592', '28784671']","[8, -8, 8, 8, 8, 8, 8, 8]",8,resistant
224,Nakaseomyces glabrata,Fks2,Q6FMZ3_CANGA,F659del,-LILSLRDP,"['NA', 659, 660, 661, 662, 663, 664, 665, 666]",HS1,Fks2,Anidulafungin,3931.0,No,"['19546367', '22751546', '22751546', '24829248', '26392494', '30629653', '30895218', '30895218', '30895218', '31354675', '31354675', '32661647', '34575729', '34699784', '34699784', '34699784', '34699784', '34699784', '34699784', '34699784', '34699784', '34699784', '34699784', '34699784', '34699784', '34699784', '34699784', '34699784', '34699784', '34699784', '34699784', '34699784', '34699784']","[8, 8, 8, 8, 8, 8, 8, 8, 8, 8, 7, 8, 8, 4, 4, 4, 4, 4, 4, 4, 4, 4, 4, 4, 4, 4, 4, 4, 4, 4, 4, 4, 4]",4,resistant
225,Nakaseomyces glabrata,Fks2,Q6FMZ3_CANGA,F659del,-LILSLRDP,"['NA', 659, 660, 661, 662, 663, 664, 665, 666]",HS1,Fks2,Caspofungin,3931.0,No,"['19546367', '22751546', '22751546', '24829248', '26392494', '30629653', '30895218', '30895218', '30895218', '32277126', '32661647']","[8, 8, 8, 8, 8, 8, 8, 8, 8, 8, 8]",8,resistant
226,Nakaseomyces glabrata,Fks2,Q6FMZ3_CANGA,F659del,-LILSLRDP,"['NA', 659, 660, 661, 662, 663, 664, 665, 666]",HS1,Fks2,Fluconazole,3931.0,No,['37233226'],[8],8,resistant
227,Nakaseomyces glabrata,Fks2,Q6FMZ3_CANGA,F659del,-LILSLRDP,"['NA', 659, 660, 661, 662, 663, 664, 665, 666]",HS1,Fks2,Itraconazole,3931.0,No,['37233226'],[8],8,resistant
228,Nakaseomyces glabrata,Fks2,Q6FMZ3_CANGA,F659del,-LILSLRDP,"['NA', 659, 660, 661, 662, 663, 664, 665, 666]",HS1,Fks2,Micafungin,3931.0,No,"['19546367', '22751546', '22751546', '24829248', '26392494', '28630180', '30629653', '30895218', '30895218', '30895218', '31354675', '32277126', '32661647', '34575729']","[8, 8, 8, 8, 8, 4, 8, 8, 8, 8, 8, 8, 8, 8]",4,resistant
229,Nakaseomyces glabrata,Fks2,Q6FMZ3_CANGA,F659del,-LILSLRDP,"['NA', 659, 660, 661, 662, 663, 664, 665, 666]",HS1,Fks2,Posaconazole,3931.0,No,['37233226'],[8],8,resistant
230,Nakaseomyces glabrata,Fks2,Q6FMZ3_CANGA,F659del,-LILSLRDP,"['NA', 659, 660, 661, 662, 663, 664, 665, 666]",HS1,Fks2,Scy-078,3931.0,No,['28630180'],[4],4,resistant
231,Nakaseomyces glabrata,Fks2,Q6FMZ3_CANGA,F659del,-LILSLRDP,"['NA', 659, 660, 661, 662, 663, 664, 665, 666]",HS1,Fks2,Voriconazole,3931.0,No,['37233226'],[8],8,resistant
232,Nakaseomyces glabrata,Fks2,Q6FMZ3_CANGA,I661T,FLTLSLRDP,"[659, 660, 661, 662, 663, 664, 665, 666, 667]",HS1,Fks2,Amphotericin B,3968.0,No,['36106428'],[-8],-8,susceptible
233,Nakaseomyces glabrata,Fks2,Q6FMZ3_CANGA,I661T,FLTLSLRDP,"[659, 660, 661, 662, 663, 664, 665, 666, 667]",HS1,Fks2,Anidulafungin,3968.0,No,['36106428'],[-8],-8,susceptible
234,Nakaseomyces glabrata,Fks2,Q6FMZ3_CANGA,I661T,FLTLSLRDP,"[659, 660, 661, 662, 663, 664, 665, 666, 667]",HS1,Fks2,Caspofungin,3968.0,No,['36106428'],[-8],-8,susceptible
235,Nakaseomyces glabrata,Fks2,Q6FMZ3_CANGA,I661T,FLTLSLRDP,"[659, 660, 661, 662, 663, 664, 665, 666, 667]",HS1,Fks2,Fluconazole,3968.0,No,['36106428'],[-8],-8,susceptible
236,Nakaseomyces glabrata,Fks2,Q6FMZ3_CANGA,I661T,FLTLSLRDP,"[659, 660, 661, 662, 663, 664, 665, 666, 667]",HS1,Fks2,Micafungin,3968.0,No,['36106428'],[-8],-8,susceptible
237,Nakaseomyces glabrata,Fks2,Q6FMZ3_CANGA,L662W,FLIWSLRDP,"[659, 660, 661, 662, 663, 664, 665, 666, 667]",HS1,Fks2,Anidulafungin,3990.0,No,"['24126582', '24126582', '30895218', '30895218']","[8, 8, 8, -8]",8,resistant
238,Nakaseomyces glabrata,Fks2,Q6FMZ3_CANGA,L662W,FLIWSLRDP,"[659, 660, 661, 662, 663, 664, 665, 666, 667]",HS1,Fks2,Caspofungin,3990.0,No,"['24126582', '24126582', '24153129', '24153129', '30895218', '30895218']","[8, 8, 8, 8, 8, 8]",8,resistant
239,Nakaseomyces glabrata,Fks2,Q6FMZ3_CANGA,L662W,FLIWSLRDP,"[659, 660, 661, 662, 663, 664, 665, 666, 667]",HS1,Fks2,Fluconazole,3990.0,No,"['24126582', '24126582']","[8, -8]",8,resistant
240,Nakaseomyces glabrata,Fks2,Q6FMZ3_CANGA,L662W,FLIWSLRDP,"[659, 660, 661, 662, 663, 664, 665, 666, 667]",HS1,Fks2,Micafungin,3990.0,No,"['24126582', '24126582', '24153129', '24153129', '30895218', '30895218']","[8, 8, 8, 8, 8, -8]",8,resistant
241,Nakaseomyces glabrata,Fks2,Q6FMZ3_CANGA,L664R,FLILSRRDP,"[659, 660, 661, 662, 663, 664, 665, 666, 667]",HS1,Fks2,Anidulafungin,4027.0,No,"['24126582', '24126582', '31354675']","[8, 8, 8]",8,resistant
242,Nakaseomyces glabrata,Fks2,Q6FMZ3_CANGA,L664R,FLILSRRDP,"[659, 660, 661, 662, 663, 664, 665, 666, 667]",HS1,Fks2,Caspofungin,4027.0,No,"['24126582', '24126582', '24153129']","[-8, 8, 8]",8,resistant
243,Nakaseomyces glabrata,Fks2,Q6FMZ3_CANGA,L664R,FLILSRRDP,"[659, 660, 661, 662, 663, 664, 665, 666, 667]",HS1,Fks2,Fluconazole,4027.0,No,"['24126582', '24126582']","[8, 8]",8,resistant
244,Nakaseomyces glabrata,Fks2,Q6FMZ3_CANGA,L664R,FLILSRRDP,"[659, 660, 661, 662, 663, 664, 665, 666, 667]",HS1,Fks2,Micafungin,4027.0,No,"['24126582', '24126582', '24153129']","[8, 8, 8]",8,resistant
245,Nakaseomyces glabrata,Fks2,Q6FMZ3_CANGA,P667F,FLILSLRDF,"[659, 660, 661, 662, 663, 664, 665, 666, 667]",HS1,Fks2,Caspofungin,4077.0,No,['24153129'],[8],8,resistant
246,Nakaseomyces glabrata,Fks2,Q6FMZ3_CANGA,P667F,FLILSLRDF,"[659, 660, 661, 662, 663, 664, 665, 666, 667]",HS1,Fks2,Micafungin,4077.0,No,['24153129'],[8],8,resistant
247,Nakaseomyces glabrata,Fks2,Q6FMZ3_CANGA,P667H,FLILSLRDH,"[659, 660, 661, 662, 663, 664, 665, 666, 667]",HS1,Fks2,Anidulafungin,4079.0,No,"['31520783', '34699784']","[8, 4]",4,resistant
248,Nakaseomyces glabrata,Fks2,Q6FMZ3_CANGA,P667H,FLILSLRDH,"[659, 660, 661, 662, 663, 664, 665, 666, 667]",HS1,Fks2,Caspofungin,4079.0,No,['31520783'],[8],8,resistant
249,Nakaseomyces glabrata,Fks2,Q6FMZ3_CANGA,P667H,FLILSLRDH,"[659, 660, 661, 662, 663, 664, 665, 666, 667]",HS1,Fks2,Micafungin,4079.0,No,['31520783'],[8],8,resistant
250,Nakaseomyces glabrata,Fks2,Q6FMZ3_CANGA,P667T,FLILSLRDT,"[659, 660, 661, 662, 663, 664, 665, 666, 667]",HS1,Fks2,Anidulafungin,4088.0,No,"['19546367', '23487382', '28784671', '30629653', '30895218']","[-8, 8, -8, 8, -8]",8,resistant
251,Nakaseomyces glabrata,Fks2,Q6FMZ3_CANGA,P667T,FLILSLRDT,"[659, 660, 661, 662, 663, 664, 665, 666, 667]",HS1,Fks2,Caspofungin,4088.0,No,"['19546367', '23487382', '28784671', '30629653', '30895218']","[8, 8, 8, 8, 8]",8,resistant
252,Nakaseomyces glabrata,Fks2,Q6FMZ3_CANGA,P667T,FLILSLRDT,"[659, 660, 661, 662, 663, 664, 665, 666, 667]",HS1,Fks2,Echinocandin,4088.0,No,['27020939'],[8],8,resistant
253,Nakaseomyces glabrata,Fks2,Q6FMZ3_CANGA,P667T,FLILSLRDT,"[659, 660, 661, 662, 663, 664, 665, 666, 667]",HS1,Fks2,Fluconazole,4088.0,No,['23487382'],[-8],-8,susceptible
254,Nakaseomyces glabrata,Fks2,Q6FMZ3_CANGA,P667T,FLILSLRDT,"[659, 660, 661, 662, 663, 664, 665, 666, 667]",HS1,Fks2,Micafungin,4088.0,No,"['19546367', '23487382', '28784671', '30895218']","[-8, -8, -8, -8]",-8,susceptible
255,Nakaseomyces glabrata,Fks2,Q6FMZ3_CANGA,R665G,FLILSLGDP,"[659, 660, 661, 662, 663, 664, 665, 666, 667]",HS1,Fks2,Anidulafungin,4039.0,No,"['20837754', '23487382']","[-8, -8]",-8,susceptible
256,Nakaseomyces glabrata,Fks2,Q6FMZ3_CANGA,R665G,FLILSLGDP,"[659, 660, 661, 662, 663, 664, 665, 666, 667]",HS1,Fks2,Caspofungin,4039.0,No,"['20837754', '23487382', '24153129']","[-8, 8, 8]",8,resistant
257,Nakaseomyces glabrata,Fks2,Q6FMZ3_CANGA,R665G,FLILSLGDP,"[659, 660, 661, 662, 663, 664, 665, 666, 667]",HS1,Fks2,Fluconazole,4039.0,No,['23487382'],[8],8,resistant
258,Nakaseomyces glabrata,Fks2,Q6FMZ3_CANGA,R665G,FLILSLGDP,"[659, 660, 661, 662, 663, 664, 665, 666, 667]",HS1,Fks2,Micafungin,4039.0,No,"['20837754', '23487382', '24153129']","[8, -8, 8]",8,resistant
259,Nakaseomyces glabrata,Fks2,Q6FMZ3_CANGA,R665S,FLILSLSDP,"[659, 660, 661, 662, 663, 664, 665, 666, 667]",HS1,Fks2,Anidulafungin,4048.0,No,['23487382'],[-8],-8,susceptible
260,Nakaseomyces glabrata,Fks2,Q6FMZ3_CANGA,R665S,FLILSLSDP,"[659, 660, 661, 662, 663, 664, 665, 666, 667]",HS1,Fks2,Caspofungin,4048.0,No,"['23487382', '24153129']","[8, 8]",8,resistant
261,Nakaseomyces glabrata,Fks2,Q6FMZ3_CANGA,R665S,FLILSLSDP,"[659, 660, 661, 662, 663, 664, 665, 666, 667]",HS1,Fks2,Fluconazole,4048.0,No,['23487382'],[8],8,resistant
262,Nakaseomyces glabrata,Fks2,Q6FMZ3_CANGA,R665S,FLILSLSDP,"[659, 660, 661, 662, 663, 664, 665, 666, 667]",HS1,Fks2,Micafungin,4048.0,No,"['23487382', '24153129']","[-8, 8]",8,resistant
263,Nakaseomyces glabrata,Fks2,Q6FMZ3_CANGA,S663F,FLILFLRDP,"[659, 660, 661, 662, 663, 664, 665, 666, 667]",HS1,Fks2,Anidulafungin,3997.0,No,"['20837754', '22354305', '22948870', '24126582', '24126582', '24829248', '30895218', '30895218', '30895218', '34699784']","[8, 8, 8, 8, 8, 8, 8, 8, 8, 4]",4,resistant
264,Nakaseomyces glabrata,Fks2,Q6FMZ3_CANGA,S663F,FLILFLRDP,"[659, 660, 661, 662, 663, 664, 665, 666, 667]",HS1,Fks2,Caspofungin,3997.0,No,"['20837754', '22354305', '22948870', '24126582', '24126582', '24153129', '24153129', '24829248', '30895218', '30895218', '30895218']","[8, 8, 8, -8, -8, 8, 8, 8, 8, 8, 8]",8,resistant
265,Nakaseomyces glabrata,Fks2,Q6FMZ3_CANGA,S663F,FLILFLRDP,"[659, 660, 661, 662, 663, 664, 665, 666, 667]",HS1,Fks2,Echinocandin,3997.0,No,['27020939'],[8],8,resistant
266,Nakaseomyces glabrata,Fks2,Q6FMZ3_CANGA,S663F,FLILFLRDP,"[659, 660, 661, 662, 663, 664, 665, 666, 667]",HS1,Fks2,Fluconazole,3997.0,No,"['24126582', '24126582', '27020939']","[-8, -8, 8]",8,resistant
267,Nakaseomyces glabrata,Fks2,Q6FMZ3_CANGA,S663F,FLILFLRDP,"[659, 660, 661, 662, 663, 664, 665, 666, 667]",HS1,Fks2,Micafungin,3997.0,No,"['20837754', '22354305', '22948870', '24126582', '24126582', '24153129', '24153129', '24829248', '30895218', '30895218', '30895218']","[-8, 8, 8, -8, -8, 8, 8, 8, 8, 8, 8]",8,resistant
268,Nakaseomyces glabrata,Fks2,Q6FMZ3_CANGA,S663P,FLILPLRDP,"[659, 660, 661, 662, 663, 664, 665, 666, 667]",HS1,Fks2,Anidulafungin,4005.0,No,"['19546367', '20145084', '20837754', '22948870', '22948870', '23487382', '24126582', '24126582', '24126582', '24126582', '24829248', '24829248', '24829248', '24890592', '26392494', '27872063', '28784671', '29228268', '29228268', '30629653', '30629653', '30895218', '30895218', '30895218', '30895218', '30895218', '30895218', '30895218', '30895218', '30895218', '30895218', '30895218', '30895218', '30895218', '30895218', '31111912', '31111912', '31111912', '31111912', '31111912', '31111912', '31354675', '31354675', '31520783', '31520783', '32661647', '32661647', '32661647', '34575729', '34699784', '34699784']","[-8, 8, 8, 8, 8, -8, 8, 8, 8, 8, 8, 8, 8, 8, 8, 4, 8, 4, 4, 8, 8, 8, 8, 8, 8, 8, 8, 8, 8, 8, 8, 8, 8, 8, 8, 8, 8, 8, 8, 8, 8, 8, 7, 8, 8, 8, 8, 8, 8, 4, 4]",4,resistant
269,Nakaseomyces glabrata,Fks2,Q6FMZ3_CANGA,S663P,FLILPLRDP,"[659, 660, 661, 662, 663, 664, 665, 666, 667]",HS1,Fks2,Caspofungin,4005.0,No,"['19546367', '20038613', '20145084', '20837754', '22615574', '22948870', '22948870', '23487382', '24126582', '24126582', '24126582', '24126582', '24153129', '24153129', '24153129', '24153129', '24153129', '24153129', '24153129', '24153129', '24153129', '24153129', '24153129', '24153129', '24153129', '24153129', '24153129', '24829248', '24829248', '24829248', '24890592', '26392494', '28784671', '30559734', '30629653', '30629653', '30895218', '30895218', '30895218', '30895218', '30895218', '30895218', '30895218', '30895218', '30895218', '30895218', '30895218', '30895218', '30895218', '30895218', '31111912', '31111912', '31111912', '31111912', '31111912', '31111912', '31520783', '31520783', '32277126', '32277126', '32277126', '32277126', '32661647', '32661647', '32661647']","[8, 8, 8, 8, 1, 8, 8, 8, 8, 8, 8, 8, 8, 8, 8, 8, 8, 8, 8, 8, 8, 8, 8, 8, 8, 8, 8, 8, 8, 8, 8, 8, 8, 8, 8, 8, 8, 8, 8, 8, 8, 8, 8, 8, -8, 8, 8, 8, 8, 8, 8, 8, 8, 8, 8, 8, 8, -8, 8, 8, 8, 8, 8, 8, 8]",1,resistant
270,Nakaseomyces glabrata,Fks2,Q6FMZ3_CANGA,S663P,FLILPLRDP,"[659, 660, 661, 662, 663, 664, 665, 666, 667]",HS1,Fks2,Echinocandin,4005.0,No,['27020939'],[8],8,resistant
271,Nakaseomyces glabrata,Fks2,Q6FMZ3_CANGA,S663P,FLILPLRDP,"[659, 660, 661, 662, 663, 664, 665, 666, 667]",HS1,Fks2,Fluconazole,4005.0,No,"['23487382', '24126582', '24126582', '24126582', '24126582', '24890592', '27020939', '27020939', '30629653']","[-8, 8, -8, 8, -8, -8, 8, 8, 8]",8,resistant
272,Nakaseomyces glabrata,Fks2,Q6FMZ3_CANGA,S663P,FLILPLRDP,"[659, 660, 661, 662, 663, 664, 665, 666, 667]",HS1,Fks2,Isavuconazole,4005.0,No,['30629653'],[8],8,resistant
273,Nakaseomyces glabrata,Fks2,Q6FMZ3_CANGA,S663P,FLILPLRDP,"[659, 660, 661, 662, 663, 664, 665, 666, 667]",HS1,Fks2,Itraconazole,4005.0,No,['30629653'],[8],8,resistant
274,Nakaseomyces glabrata,Fks2,Q6FMZ3_CANGA,S663P,FLILPLRDP,"[659, 660, 661, 662, 663, 664, 665, 666, 667]",HS1,Fks2,Micafungin,4005.0,No,"['19546367', '20145084', '20837754', '22948870', '22948870', '23487382', '24126582', '24126582', '24126582', '24126582', '24153129', '24153129', '24153129', '24153129', '24153129', '24153129', '24153129', '24153129', '24153129', '24153129', '24153129', '24153129', '24153129', '24153129', '24153129', '24829248', '24829248', '24829248', '24890592', '26392494', '27872063', '28784671', '29228268', '29228268', '30629653', '30629653', '30895218', '30895218', '30895218', '30895218', '30895218', '30895218', '30895218', '30895218', '30895218', '30895218', '30895218', '30895218', '30895218', '30895218', '31111912', '31111912', '31111912', '31111912', '31354675', '31520783', '31520783', '32277126', '32277126', '32277126', '32277126', '32661647', '32661647', '32661647', '34575729']","[-8, 8, 8, 8, 8, -8, 8, 8, 8, 8, 8, 8, 8, 8, 8, 8, 8, 8, 8, 8, 8, 8, 8, 8, 8, 8, 8, 8, 8, 8, 4, 8, 4, 4, 8, 8, 8, 8, 8, 8, 8, 8, 8, 8, 8, 8, 8, 8, 8, 8, 8, 8, 8, 8, 8, 8, -8, 8, 8, 8, 8, 8, 8, 8, 8]",4,resistant
275,Nakaseomyces glabrata,Fks2,Q6FMZ3_CANGA,S663P,FLILPLRDP,"[659, 660, 661, 662, 663, 664, 665, 666, 667]",HS1,Fks2,Posaconazole,4005.0,No,['30629653'],[8],8,resistant
276,Nakaseomyces glabrata,Fks2,Q6FMZ3_CANGA,S663P,FLILPLRDP,"[659, 660, 661, 662, 663, 664, 665, 666, 667]",HS1,Fks2,Voriconazole,4005.0,No,['30629653'],[8],8,resistant
277,Nakaseomyces glabrata,Fks2,Q6FMZ3_CANGA,S663Y,FLILYLRDP,"[659, 660, 661, 662, 663, 664, 665, 666, 667]",HS1,Fks2,Anidulafungin,4013.0,No,"['24126582', '27872063', '30895218']","[8, 4, 8]",4,resistant
278,Nakaseomyces glabrata,Fks2,Q6FMZ3_CANGA,S663Y,FLILYLRDP,"[659, 660, 661, 662, 663, 664, 665, 666, 667]",HS1,Fks2,Caspofungin,4013.0,No,"['24126582', '24153129', '30895218']","[8, 8, 8]",8,resistant
279,Nakaseomyces glabrata,Fks2,Q6FMZ3_CANGA,S663Y,FLILYLRDP,"[659, 660, 661, 662, 663, 664, 665, 666, 667]",HS1,Fks2,Fluconazole,4013.0,No,['24126582'],[-8],-8,susceptible
280,Nakaseomyces glabrata,Fks2,Q6FMZ3_CANGA,S663Y,FLILYLRDP,"[659, 660, 661, 662, 663, 664, 665, 666, 667]",HS1,Fks2,Micafungin,4013.0,No,"['24126582', '24153129', '27872063', '30895218']","[8, 8, 4, 8]",4,resistant
281,Nakaseomyces glabrata,Fks2,Q6FMZ3_CANGA,L1381S,DWIRRYTS,"[1374, 1375, 1376, 1377, 1378, 1379, 1380, 1381]",HS2,Fks2,Fluconazole,4259.0,No,['27020939'],[8],8,resistant
282,Nakaseomyces glabrata,Fks2,Q6FMZ3_CANGA,R1377K,DWIKRYTL,"[1374, 1375, 1376, 1377, 1378, 1379, 1380, 1381]",HS2,Fks2,Anidulafungin,4195.0,No,['27069849'],[8],8,resistant
283,Nakaseomyces glabrata,Fks2,Q6FMZ3_CANGA,R1377K,DWIKRYTL,"[1374, 1375, 1376, 1377, 1378, 1379, 1380, 1381]",HS2,Fks2,Micafungin,4195.0,No,['27069849'],[8],8,resistant
284,Nakaseomyces glabrata,Fks2,Q6FMZ3_CANGA,R1378H,DWIRHYTL,"[1374, 1375, 1376, 1377, 1378, 1379, 1380, 1381]",HS2,Fks2,Anidulafungin,4209.0,No,['34699784'],[8],8,resistant
285,Nakaseomyces glabrata,Fks2,Q6FMZ3_CANGA,R1378S,DWIRSYTL,"[1374, 1375, 1376, 1377, 1378, 1379, 1380, 1381]",HS2,Fks2,Anidulafungin,4217.0,No,"['34699784', '34699784']","[4, 4]",4,resistant
286,Nakaseomyces glabrata,Fks2,Q6FMZ3_CANGA,W1375L,DLIRRYTL,"[1374, 1375, 1376, 1377, 1378, 1379, 1380, 1381]",HS2,Fks2,Anidulafungin,4165.0,No,['19546367'],[-8],-8,susceptible
287,Nakaseomyces glabrata,Fks2,Q6FMZ3_CANGA,W1375L,DLIRRYTL,"[1374, 1375, 1376, 1377, 1378, 1379, 1380, 1381]",HS2,Fks2,Caspofungin,4165.0,No,['19546367'],[8],8,resistant
288,Nakaseomyces glabrata,Fks2,Q6FMZ3_CANGA,W1375L,DLIRRYTL,"[1374, 1375, 1376, 1377, 1378, 1379, 1380, 1381]",HS2,Fks2,Micafungin,4165.0,No,['19546367'],[-8],-8,susceptible
