,compound,seq_type,Nham_aa,aa_seq,s,cscore,refined_class,sensres
0,anidulafungin,ortho,2.0,EWIRRYTL,-0.1597136894184783,1.0,WT-like,sensitive
1,anidulafungin,ortho,3.0,DWIRRCVL,0.5540335723053209,1.0,intermediary,resistant
2,anidulafungin,ortho,3.0,DWVFRSIL,-0.3334865706773455,1.0,WT-like,sensitive
3,anidulafungin,ortho,3.0,DWVKRCIL,-0.3661659905922936,1.0,WT-like,sensitive
4,anidulafungin,ortho,3.0,DWVNRCIL,-0.4517892364862783,1.0,WT-like,sensitive
5,anidulafungin,ortho,3.0,DWVQRSIL,-0.1780241139656353,1.0,WT-like,sensitive
6,anidulafungin,ortho,3.0,DWVYRCIL,-0.4907583647017501,1.0,WT-like,sensitive
7,anidulafungin,ortho,3.0,DWVYRCVL,-0.569131337439702,1.0,WT-like,sensitive
8,anidulafungin,ortho,3.0,DWVYRSIL,-0.41225734190126,1.0,WT-like,sensitive
9,anidulafungin,ortho,3.0,DWVYRSVL,-0.2856776709247963,1.0,WT-like,sensitive
10,anidulafungin,ortho,4.0,DWIRRCIV,-0.456750974535562,1.0,WT-like,sensitive
11,anidulafungin,ortho,4.0,DWIYRCVL,0.9648639195870774,2.0,intermediary,resistant
12,anidulafungin,ortho,4.0,DWIYRSIL,-0.4517892364862779,1.0,WT-like,sensitive
13,anidulafungin,ortho,4.0,DWLQRCML,-0.3597176707897365,1.0,WT-like,sensitive
14,anidulafungin,ortho,4.0,DWLRRCII,0.2399561914723806,2.0,WT-like,sensitive
15,anidulafungin,ortho,4.0,DWVARCII,-0.1950360900745633,1.0,WT-like,sensitive
16,anidulafungin,ortho,4.0,DWVARCIV,-0.6918504260612814,1.0,WT-like,sensitive
17,anidulafungin,ortho,4.0,DWVARSIA,-0.2638527921501215,1.0,WT-like,sensitive
18,anidulafungin,ortho,4.0,DWVERCIV,-0.6369777573196003,1.0,WT-like,sensitive
19,anidulafungin,ortho,4.0,DWVERCVV,-0.2231486018767183,1.0,WT-like,sensitive
20,anidulafungin,ortho,4.0,DWVNRCII,0.6242074663830739,1.0,intermediary,resistant
21,anidulafungin,ortho,4.0,DWVNRCIV,-0.5708552651084768,1.0,WT-like,sensitive
22,anidulafungin,ortho,4.0,DWVNRCVA,-0.4067378857748291,1.0,WT-like,sensitive
23,anidulafungin,ortho,4.0,DWVNRCVI,-0.0401165171962112,1.0,WT-like,sensitive
24,anidulafungin,ortho,4.0,DWVQRCVF,3.614014016216469,1.0,resistant,resistant
25,anidulafungin,ortho,4.0,DWVQRSIF,-0.1904324598165128,1.0,WT-like,sensitive
26,anidulafungin,ortho,4.0,DWVSRCIV,0.954730400681667,3.0,intermediary,resistant
27,anidulafungin,ortho,4.0,DWVTRCVV,-0.5747188608386153,1.0,WT-like,sensitive
28,anidulafungin,ortho,4.0,DWVWRCII,-0.3571464134634414,1.0,WT-like,sensitive
29,anidulafungin,ortho,4.0,DWVYRSII,-0.497969028729007,1.0,WT-like,sensitive
30,anidulafungin,ortho,4.0,DWVYRSVI,-0.4486504151422767,1.0,WT-like,sensitive
31,anidulafungin,ortho,4.0,EWVKRCIL,-0.5922816074892032,1.0,WT-like,sensitive
32,anidulafungin,ortho,4.0,EWVQRCTA,0.267906874172334,1.0,WT-like,sensitive
33,anidulafungin,ortho,4.0,GWVERCVL,3.1525469821350294,1.0,resistant,resistant
34,anidulafungin,ortho,4.0,GWVQRCVL,2.333522117385247,1.0,resistant,resistant
35,anidulafungin,ortho,4.0,NWVYRCIL,-0.2654552676083961,1.0,WT-like,sensitive
36,anidulafungin,ortho,4.0,NWVYRCVL,1.0873909181208052,1.0,intermediary,resistant
37,anidulafungin,ortho,5.0,DWIDRCIA,-0.5357086921759406,1.0,WT-like,sensitive
38,anidulafungin,ortho,5.0,DWIERCCV,1.785240373602594,2.0,intermediary,resistant
39,anidulafungin,ortho,5.0,DWIKRCIM,0.4320128925862181,1.0,intermediary,resistant
40,anidulafungin,ortho,5.0,DWIKRCVI,-0.3807910644259231,1.0,WT-like,sensitive
41,anidulafungin,ortho,5.0,DWIQRCVF,3.7847387259552407,1.0,resistant,resistant
42,anidulafungin,ortho,5.0,DWIYRCIV,-0.5524549758665911,1.0,WT-like,sensitive
43,anidulafungin,ortho,5.0,DWIYRSIV,-0.3070346303958611,1.0,WT-like,sensitive
44,anidulafungin,ortho,5.0,DWMWRCVI,-0.2624142093379507,1.0,WT-like,sensitive
45,anidulafungin,ortho,5.0,EWIQRCVL,-0.2803899813170574,1.0,WT-like,sensitive
46,anidulafungin,ortho,5.0,EWVERCIV,-0.670694221939987,1.0,WT-like,sensitive
47,anidulafungin,ortho,5.0,EWVQRCVV,-0.8412413737800613,1.0,WT-like,sensitive
48,anidulafungin,ortho,5.0,HWVQRCIV,-0.2387768913653989,1.0,WT-like,sensitive
49,anidulafungin,ortho,5.0,NWVDRCVI,-0.2519423702492394,1.0,WT-like,sensitive
50,anidulafungin,ortho,5.0,NWVERCIV,0.3472452409908355,1.0,intermediary,resistant
51,anidulafungin,ortho,5.0,NWVNRCVI,-0.2853726561853484,1.0,WT-like,sensitive
52,anidulafungin,ortho,5.0,NWVQRCVV,1.4038731085054277,1.0,intermediary,resistant
53,anidulafungin,ortho,5.0,NWVWRCVI,-0.2597066986688507,1.0,WT-like,sensitive
54,anidulafungin,ortho,5.0,NWVYRCII,-0.5239306020836563,1.0,WT-like,sensitive
55,anidulafungin,ortho,5.0,NWVYRCVI,-0.1871648236655194,1.0,WT-like,sensitive
56,anidulafungin,ortho,5.0,QWVQRSIF,1.2802049382561875,1.0,intermediary,resistant
57,anidulafungin,ortho,6.0,LWIKRTII,-0.7188786321814749,1.0,WT-like,sensitive
58,anidulafungin,ortho,6.0,NWLKRCII,-0.4333503038744584,1.0,WT-like,sensitive
59,anidulafungin,ortho,6.0,NWLKRVVI,-0.7862053145806702,1.0,WT-like,sensitive
60,anidulafungin,ortho,6.0,RWIKRCII,-0.6231343782923338,1.0,WT-like,sensitive
61,anidulafungin,ortho,6.0,SWLKRCVI,-0.4152708649185497,1.0,WT-like,sensitive
62,anidulafungin,ortho,7.0,NQQFIIQL,-0.344246140005251,1.0,WT-like,sensitive
63,anidulafungin,single,0.0,DWVRRYTL,0.1933925649491061,1.0,WT-like,sensitive
64,anidulafungin,single,1.0,*WVRRYTL,-0.2109134926646052,1.0,WT-like,sensitive
65,anidulafungin,single,1.0,AWVRRYTL,-0.2847110877658299,1.0,WT-like,sensitive
66,anidulafungin,single,1.0,CWVRRYTL,-0.1771948647643184,1.0,WT-like,sensitive
67,anidulafungin,single,1.0,DAVRRYTL,-0.4417042125802841,1.0,WT-like,sensitive
68,anidulafungin,single,1.0,DFVRRYTL,3.125104590910852,1.0,resistant,resistant
69,anidulafungin,single,1.0,DGVRRYTL,0.7828857005900323,2.0,intermediary,resistant
70,anidulafungin,single,1.0,DHVRRYTL,1.5371740537799852,2.0,intermediary,resistant
71,anidulafungin,single,1.0,DKVRRYTL,-0.2636063718990789,1.0,WT-like,sensitive
72,anidulafungin,single,1.0,DLVRRYTL,2.4235606498064977,1.0,resistant,resistant
73,anidulafungin,single,1.0,DMVRRYTL,0.9445814095322485,1.0,intermediary,resistant
74,anidulafungin,single,1.0,DNVRRYTL,-0.5390783395828938,1.0,WT-like,sensitive
75,anidulafungin,single,1.0,DPVRRYTL,0.559494506680496,1.0,intermediary,resistant
76,anidulafungin,single,1.0,DQVRRYTL,1.222922231931157,3.0,intermediary,resistant
77,anidulafungin,single,1.0,DRVRRYTL,1.5581043009695692,1.0,intermediary,resistant
78,anidulafungin,single,1.0,DSVRRYTL,-0.1952936928038422,1.0,WT-like,sensitive
79,anidulafungin,single,1.0,DTVRRYTL,2.911987248362351,1.0,resistant,resistant
80,anidulafungin,single,1.0,DW*RRYTL,1.0393507963056234,2.0,intermediary,resistant
81,anidulafungin,single,1.0,DWFRRYTL,-0.4264826623870732,1.0,WT-like,sensitive
82,anidulafungin,single,1.0,DWGRRYTL,-0.5057938826300767,1.0,WT-like,sensitive
83,anidulafungin,single,1.0,DWIRRYTL,-0.2660049197623122,1.0,WT-like,sensitive
84,anidulafungin,single,1.0,DWKRRYTL,-0.1405835385747535,1.0,WT-like,sensitive
85,anidulafungin,single,1.0,DWLRRYTL,0.06021660292019593,1.0,WT-like,sensitive
86,anidulafungin,single,1.0,DWMRRYTL,-0.3882887748054697,1.0,WT-like,sensitive
87,anidulafungin,single,1.0,DWNRRYTL,-0.394405416788818,1.0,WT-like,sensitive
88,anidulafungin,single,1.0,DWPRRYTL,3.7450967680536658,1.0,resistant,resistant
89,anidulafungin,single,1.0,DWQRRYTL,-0.2997064842517312,1.0,WT-like,sensitive
90,anidulafungin,single,1.0,DWRRRYTL,-0.18509968376150984,1.0,WT-like,sensitive
91,anidulafungin,single,1.0,DWSRRYTL,-0.6547924494686659,1.0,WT-like,sensitive
92,anidulafungin,single,1.0,DWTRRYTL,-0.1869263632358873,1.0,WT-like,sensitive
93,anidulafungin,single,1.0,DWV*RYTL,-0.2973542550529893,1.0,WT-like,sensitive
94,anidulafungin,single,1.0,DWVARYTL,-0.2240069459549123,1.0,WT-like,sensitive
95,anidulafungin,single,1.0,DWVCRYTL,-0.5069507207065946,1.0,WT-like,sensitive
96,anidulafungin,single,1.0,DWVDRYTL,-0.1128663876741953,1.0,WT-like,sensitive
97,anidulafungin,single,1.0,DWVERYTL,0.6008407414942825,1.0,intermediary,resistant
98,anidulafungin,single,1.0,DWVGRYTL,0.7806213893699392,2.0,intermediary,resistant
99,anidulafungin,single,1.0,DWVHRYTL,0.8969617286928155,2.0,intermediary,resistant
100,anidulafungin,single,1.0,DWVIRYTL,-0.280420779755214,1.0,WT-like,sensitive
101,anidulafungin,single,1.0,DWVKRYTL,-0.6020466725813223,1.0,WT-like,sensitive
102,anidulafungin,single,1.0,DWVLRYTL,0.3299829489436912,1.0,intermediary,resistant
103,anidulafungin,single,1.0,DWVMRYTL,-0.2847110877658299,1.0,WT-like,sensitive
104,anidulafungin,single,1.0,DWVNRYTL,0.9648639195870774,2.0,intermediary,resistant
105,anidulafungin,single,1.0,DWVPRYTL,-0.4340510219541857,1.0,WT-like,sensitive
106,anidulafungin,single,1.0,DWVQRYTL,2.556125583215461,2.0,resistant,resistant
107,anidulafungin,single,1.0,DWVR*YTL,-0.3407950676986306,1.0,WT-like,sensitive
108,anidulafungin,single,1.0,DWVRCYTL,3.2330539303638,1.0,resistant,resistant
109,anidulafungin,single,1.0,DWVRFYTL,3.623320488004711,1.0,resistant,resistant
110,anidulafungin,single,1.0,DWVRHYTL,3.073911104423793,1.0,resistant,resistant
111,anidulafungin,single,1.0,DWVRIYTL,1.184891069472341,1.0,intermediary,resistant
112,anidulafungin,single,1.0,DWVRKYTL,-0.2550475893213115,1.0,WT-like,sensitive
113,anidulafungin,single,1.0,DWVRLYTL,2.810350400027225,1.0,resistant,resistant
114,anidulafungin,single,1.0,DWVRMYTL,3.6015447994673595,1.0,resistant,resistant
115,anidulafungin,single,1.0,DWVRNYTL,2.686917218617653,1.0,resistant,resistant
116,anidulafungin,single,1.0,DWVRPYTL,2.8739887224282485,1.0,resistant,resistant
117,anidulafungin,single,1.0,DWVRQYTL,1.1093129048585548,1.0,intermediary,resistant
118,anidulafungin,single,1.0,DWVRR*TL,-0.507874902543676,1.0,WT-like,sensitive
119,anidulafungin,single,1.0,DWVRRATL,0.27522378946785997,1.0,WT-like,sensitive
120,anidulafungin,single,1.0,DWVRRCTL,-0.3230729490660402,1.0,WT-like,sensitive
121,anidulafungin,single,1.0,DWVRRETL,-0.0556279537051258,1.0,WT-like,sensitive
122,anidulafungin,single,1.0,DWVRRFTL,1.785240373602594,3.0,intermediary,resistant
123,anidulafungin,single,1.0,DWVRRGTL,0.0619924387548052,1.0,WT-like,sensitive
124,anidulafungin,single,1.0,DWVRRHTL,2.3662533239892776,2.0,resistant,resistant
125,anidulafungin,single,1.0,DWVRRITL,3.6001282118779176,1.0,resistant,resistant
126,anidulafungin,single,1.0,DWVRRLTL,-0.172690610001696,1.0,WT-like,sensitive
127,anidulafungin,single,1.0,DWVRRMTL,0.4260885879888321,1.0,intermediary,resistant
128,anidulafungin,single,1.0,DWVRRNTL,1.2367261086899004,1.0,intermediary,resistant
129,anidulafungin,single,1.0,DWVRRPTL,0.1444874655715606,2.0,WT-like,sensitive
130,anidulafungin,single,1.0,DWVRRRTL,2.4342178112977164,1.0,resistant,resistant
131,anidulafungin,single,1.0,DWVRRSTL,0.470187636563821,1.0,intermediary,resistant
132,anidulafungin,single,1.0,DWVRRVTL,3.5770531372496013,1.0,resistant,resistant
133,anidulafungin,single,1.0,DWVRRY*L,-0.2977158399634216,1.0,WT-like,sensitive
134,anidulafungin,single,1.0,DWVRRYAL,0.1240275876692678,1.0,WT-like,sensitive
135,anidulafungin,single,1.0,DWVRRYCL,-0.5417125549776118,1.0,WT-like,sensitive
136,anidulafungin,single,1.0,DWVRRYFL,2.4414112952994285,2.0,resistant,resistant
137,anidulafungin,single,1.0,DWVRRYIL,-0.4786210629810168,1.0,WT-like,sensitive
138,anidulafungin,single,1.0,DWVRRYKL,-0.2414778933876955,1.0,WT-like,sensitive
139,anidulafungin,single,1.0,DWVRRYLL,0.1459178880329559,1.0,WT-like,sensitive
140,anidulafungin,single,1.0,DWVRRYML,-0.3338339849518035,1.0,WT-like,sensitive
141,anidulafungin,single,1.0,DWVRRYPL,1.222922231931157,2.0,intermediary,resistant
142,anidulafungin,single,1.0,DWVRRYQL,-0.257243428003798,1.0,WT-like,sensitive
143,anidulafungin,single,1.0,DWVRRYSL,-0.44257575309673225,1.0,WT-like,sensitive
144,anidulafungin,single,1.0,DWVRRYT*,-0.414733184639446,1.0,WT-like,sensitive
145,anidulafungin,single,1.0,DWVRRYTD,1.0393507963056234,2.0,intermediary,resistant
146,anidulafungin,single,1.0,DWVRRYTF,3.2548859807206023,1.0,resistant,resistant
147,anidulafungin,single,1.0,DWVRRYTG,-0.0971813587996126,1.0,WT-like,sensitive
148,anidulafungin,single,1.0,DWVRRYTH,-0.1961793351835479,1.0,WT-like,sensitive
149,anidulafungin,single,1.0,DWVRRYTI,-0.2764253952315099,1.0,WT-like,sensitive
150,anidulafungin,single,1.0,DWVRRYTK,3.524042619643301,1.0,resistant,resistant
151,anidulafungin,single,1.0,DWVRRYTM,0.8472996631678495,1.0,intermediary,resistant
152,anidulafungin,single,1.0,DWVRRYTN,1.3945020753967952,1.0,intermediary,resistant
153,anidulafungin,single,1.0,DWVRRYTS,-0.2929903230311708,1.0,WT-like,sensitive
154,anidulafungin,single,1.0,DWVRRYTT,-0.5020837260286699,1.0,WT-like,sensitive
155,anidulafungin,single,1.0,DWVRRYTV,2.249912984666401,3.0,intermediary,resistant
156,anidulafungin,single,1.0,DWVRRYTW,3.2456556878116016,1.0,resistant,resistant
157,anidulafungin,single,1.0,DWVRRYTY,3.325470525486492,1.0,resistant,resistant
158,anidulafungin,single,1.0,DWVRRYVL,-0.48225904645694,1.0,WT-like,sensitive
159,anidulafungin,single,1.0,DWVRRYWL,-0.1725946273759842,1.0,WT-like,sensitive
160,anidulafungin,single,1.0,DWVRRYYL,1.4885287948595984,2.0,intermediary,resistant
161,anidulafungin,single,1.0,DWVRSYTL,2.248428481618225,1.0,intermediary,resistant
162,anidulafungin,single,1.0,DWVRTYTL,3.3987016531736085,1.0,resistant,resistant
163,anidulafungin,single,1.0,DWVRVYTL,2.087252866139256,1.0,intermediary,resistant
164,anidulafungin,single,1.0,DWVRWYTL,2.7127632037349896,1.0,resistant,resistant
165,anidulafungin,single,1.0,DWVRYYTL,2.692213827227619,2.0,resistant,resistant
166,anidulafungin,single,1.0,DWVSRYTL,-0.3236414598122255,1.0,WT-like,sensitive
167,anidulafungin,single,1.0,DWVTRYTL,-0.40268423023698596,1.0,WT-like,sensitive
168,anidulafungin,single,1.0,DWVVRYTL,-0.1774872823586029,1.0,WT-like,sensitive
169,anidulafungin,single,1.0,DWVWRYTL,-0.4531471830170281,1.0,WT-like,sensitive
170,anidulafungin,single,1.0,DWVYRYTL,-0.7870721252997521,1.0,WT-like,sensitive
171,anidulafungin,single,1.0,DWWRRYTL,0.2324406316990859,1.0,WT-like,sensitive
172,anidulafungin,single,1.0,DWYRRYTL,0.0772426063204663,1.0,WT-like,sensitive
173,anidulafungin,single,1.0,DYVRRYTL,1.2457141273216985,1.0,intermediary,resistant
174,anidulafungin,single,1.0,FWVRRYTL,-0.5739300799170155,1.0,WT-like,sensitive
175,anidulafungin,single,1.0,GWVRRYTL,-0.3848793598703288,1.0,WT-like,sensitive
176,anidulafungin,single,1.0,IWVRRYTL,-0.7708587202149979,1.0,WT-like,sensitive
177,anidulafungin,single,1.0,KWVRRYTL,-0.265213633797682,1.0,WT-like,sensitive
178,anidulafungin,single,1.0,LWVRRYTL,-0.4502942633562328,1.0,WT-like,sensitive
179,anidulafungin,single,1.0,MWVRRYTL,-0.6144786072635129,1.0,WT-like,sensitive
180,anidulafungin,single,1.0,NWVRRYTL,0.4544587070841508,1.0,intermediary,resistant
181,anidulafungin,single,1.0,PWVRRYTL,0.1798239383254303,1.0,WT-like,sensitive
182,anidulafungin,single,1.0,QWVRRYTL,0.8969617286928155,2.0,intermediary,resistant
183,anidulafungin,single,1.0,RWVRRYTL,1.3204511842840203,1.0,intermediary,resistant
184,anidulafungin,single,1.0,SWVRRYTL,1.2918332694944454,2.0,intermediary,resistant
185,anidulafungin,single,1.0,TWVRRYTL,0.13934749504878904,1.0,WT-like,sensitive
186,anidulafungin,single,1.0,VWVRRYTL,1.1200211799153292,1.0,intermediary,resistant
187,anidulafungin,single,1.0,YWVRRYTL,-0.5761478908787034,1.0,WT-like,sensitive
188,caspofungin,ortho,2.0,EWIRRYTL,-0.4408251960956058,1.0,WT-like,sensitive
189,caspofungin,ortho,3.0,DWIRRCVL,0.017687727274942,1.0,WT-like,sensitive
190,caspofungin,ortho,3.0,DWVFRSIL,-0.2641510490711849,1.0,WT-like,sensitive
191,caspofungin,ortho,3.0,DWVKRCIL,-0.1133145550989014,1.0,WT-like,sensitive
192,caspofungin,ortho,3.0,DWVNRCIL,-0.3864568937575958,1.0,WT-like,sensitive
193,caspofungin,ortho,3.0,DWVQRSIL,-0.291358766868584,1.0,WT-like,sensitive
194,caspofungin,ortho,3.0,DWVYRCIL,-0.2358477568944512,1.0,WT-like,sensitive
195,caspofungin,ortho,3.0,DWVYRCVL,-0.401305693543152,1.0,WT-like,sensitive
196,caspofungin,ortho,3.0,DWVYRSIL,-0.2822199245017724,1.0,WT-like,sensitive
197,caspofungin,ortho,3.0,DWVYRSVL,0.1153273824516101,1.0,WT-like,sensitive
198,caspofungin,ortho,4.0,DWIRRCIV,-0.3973611669773804,1.0,WT-like,sensitive
199,caspofungin,ortho,4.0,DWIYRCVL,1.4761795280816778,2.0,intermediary,resistant
200,caspofungin,ortho,4.0,DWIYRSIL,-0.0155671956640746,1.0,WT-like,sensitive
201,caspofungin,ortho,4.0,DWLQRCML,-0.2930125131526524,1.0,WT-like,sensitive
202,caspofungin,ortho,4.0,DWLRRCII,0.7101077764264208,2.0,intermediary,resistant
203,caspofungin,ortho,4.0,DWVARCII,0.1454898456951929,1.0,WT-like,sensitive
204,caspofungin,ortho,4.0,DWVARCIV,-0.3721743930705345,1.0,WT-like,sensitive
205,caspofungin,ortho,4.0,DWVARSIA,2.071092838110697,1.0,intermediary,resistant
206,caspofungin,ortho,4.0,DWVERCIV,0.318905598660486,1.0,WT-like,sensitive
207,caspofungin,ortho,4.0,DWVERCVV,3.92817018972866,1.0,resistant,resistant
208,caspofungin,ortho,4.0,DWVNRCII,-0.0003604012738795,1.0,WT-like,sensitive
209,caspofungin,ortho,4.0,DWVNRCIV,-0.3112401453452902,1.0,WT-like,sensitive
210,caspofungin,ortho,4.0,DWVNRCVA,1.8702680491739865,1.0,intermediary,resistant
211,caspofungin,ortho,4.0,DWVNRCVI,0.3948992718318882,1.0,WT-like,sensitive
212,caspofungin,ortho,4.0,DWVQRCVF,1.8427747717679568,1.0,intermediary,resistant
213,caspofungin,ortho,4.0,DWVQRSIF,0.0741332425684695,1.0,WT-like,sensitive
214,caspofungin,ortho,4.0,DWVSRCIV,1.5821673007727186,3.0,intermediary,resistant
215,caspofungin,ortho,4.0,DWVTRCVV,-0.0761864078662752,1.0,WT-like,sensitive
216,caspofungin,ortho,4.0,DWVWRCII,-0.0134118055238765,1.0,WT-like,sensitive
217,caspofungin,ortho,4.0,DWVYRSII,-0.1334860341041492,1.0,WT-like,sensitive
218,caspofungin,ortho,4.0,DWVYRSVI,-0.071347097579332,1.0,WT-like,sensitive
219,caspofungin,ortho,4.0,EWVKRCIL,-0.2726071749845697,1.0,WT-like,sensitive
220,caspofungin,ortho,4.0,EWVQRCTA,1.9567326139275945,1.0,intermediary,resistant
221,caspofungin,ortho,4.0,GWVERCVL,2.8655759898769,1.0,resistant,resistant
222,caspofungin,ortho,4.0,GWVQRCVL,0.2754262061138828,1.0,WT-like,sensitive
223,caspofungin,ortho,4.0,NWVYRCIL,-0.1615766727930134,1.0,WT-like,sensitive
224,caspofungin,ortho,4.0,NWVYRCVL,0.8003581592165496,1.0,intermediary,resistant
225,caspofungin,ortho,5.0,DWIDRCIA,3.0857733585876588,1.0,resistant,resistant
226,caspofungin,ortho,5.0,DWIERCCV,2.35107194935531,2.0,intermediary,resistant
227,caspofungin,ortho,5.0,DWIKRCIM,-0.1059669697729694,1.0,WT-like,sensitive
228,caspofungin,ortho,5.0,DWIKRCVI,-0.1086012024369806,1.0,WT-like,sensitive
229,caspofungin,ortho,5.0,DWIQRCVF,1.23404058005575,1.0,intermediary,resistant
230,caspofungin,ortho,5.0,DWIYRCIV,-0.1813082012904474,1.0,WT-like,sensitive
231,caspofungin,ortho,5.0,DWIYRSIV,-0.378784047722458,1.0,WT-like,sensitive
232,caspofungin,ortho,5.0,DWMWRCVI,-0.163102474977181,1.0,WT-like,sensitive
233,caspofungin,ortho,5.0,EWIQRCVL,-0.0135072533817193,1.0,WT-like,sensitive
234,caspofungin,ortho,5.0,EWVERCIV,-0.1710856412067554,1.0,WT-like,sensitive
235,caspofungin,ortho,5.0,EWVQRCVV,0.2135726860759459,1.0,WT-like,sensitive
236,caspofungin,ortho,5.0,HWVQRCIV,0.5301345286281234,1.0,WT-like,sensitive
237,caspofungin,ortho,5.0,NWVDRCVI,1.3943946969191034,1.0,intermediary,resistant
238,caspofungin,ortho,5.0,NWVERCIV,3.24415869043903,1.0,resistant,resistant
239,caspofungin,ortho,5.0,NWVNRCVI,2.4486948490096694,1.0,intermediary,resistant
240,caspofungin,ortho,5.0,NWVQRCVV,4.604796510997315,1.0,resistant,resistant
241,caspofungin,ortho,5.0,NWVWRCVI,1.4042270042545388,1.0,intermediary,resistant
242,caspofungin,ortho,5.0,NWVYRCII,-0.1876093469819637,1.0,WT-like,sensitive
243,caspofungin,ortho,5.0,NWVYRCVI,3.741543135835223,1.0,resistant,resistant
244,caspofungin,ortho,5.0,QWVQRSIF,-0.2440823464620209,1.0,WT-like,sensitive
245,caspofungin,ortho,6.0,LWIKRTII,-0.7973182663182752,1.0,WT-like,sensitive
246,caspofungin,ortho,6.0,NWLKRCII,-0.2032202722702596,1.0,WT-like,sensitive
247,caspofungin,ortho,6.0,NWLKRVVI,1.84947658639736,1.0,intermediary,resistant
248,caspofungin,ortho,6.0,RWIKRCII,-0.0342869944177706,1.0,WT-like,sensitive
249,caspofungin,ortho,6.0,SWLKRCVI,-0.3440884980082339,1.0,WT-like,sensitive
250,caspofungin,ortho,7.0,NQQFIIQL,-0.4673750258590536,1.0,WT-like,sensitive
251,caspofungin,single,0.0,DWVRRYTL,-0.169173203765752,1.0,WT-like,sensitive
252,caspofungin,single,1.0,*WVRRYTL,-0.0703805820395451,1.0,WT-like,sensitive
253,caspofungin,single,1.0,AWVRRYTL,0.0210301899311806,1.0,WT-like,sensitive
254,caspofungin,single,1.0,CWVRRYTL,-0.5049386919790795,1.0,WT-like,sensitive
255,caspofungin,single,1.0,DAVRRYTL,-0.3759172734878424,1.0,WT-like,sensitive
256,caspofungin,single,1.0,DFVRRYTL,0.880530512799333,1.0,intermediary,resistant
257,caspofungin,single,1.0,DGVRRYTL,0.5831084149331875,2.0,WT-like,sensitive
258,caspofungin,single,1.0,DHVRRYTL,1.5548495697526437,2.0,intermediary,resistant
259,caspofungin,single,1.0,DKVRRYTL,0.0144527547601183,1.0,WT-like,sensitive
260,caspofungin,single,1.0,DLVRRYTL,1.8755420635748297,1.0,intermediary,resistant
261,caspofungin,single,1.0,DMVRRYTL,0.4014532305312186,1.0,WT-like,sensitive
262,caspofungin,single,1.0,DNVRRYTL,-0.1362627824422571,1.0,WT-like,sensitive
263,caspofungin,single,1.0,DPVRRYTL,1.0114978629342422,1.0,intermediary,resistant
264,caspofungin,single,1.0,DQVRRYTL,1.4761795280816778,3.0,intermediary,resistant
265,caspofungin,single,1.0,DRVRRYTL,2.3944168244441077,1.0,intermediary,resistant
266,caspofungin,single,1.0,DSVRRYTL,-0.1204350092865982,1.0,WT-like,sensitive
267,caspofungin,single,1.0,DTVRRYTL,1.9640306722611065,1.0,intermediary,resistant
268,caspofungin,single,1.0,DW*RRYTL,1.3972377427322369,2.0,intermediary,resistant
269,caspofungin,single,1.0,DWFRRYTL,-0.1238399674484904,1.0,WT-like,sensitive
270,caspofungin,single,1.0,DWGRRYTL,0.3604782263732704,1.0,WT-like,sensitive
271,caspofungin,single,1.0,DWIRRYTL,-0.0957946742600994,1.0,WT-like,sensitive
272,caspofungin,single,1.0,DWKRRYTL,0.0360325226213502,1.0,WT-like,sensitive
273,caspofungin,single,1.0,DWLRRYTL,0.504898634765569,1.0,WT-like,sensitive
274,caspofungin,single,1.0,DWMRRYTL,-0.3870163833291586,1.0,WT-like,sensitive
275,caspofungin,single,1.0,DWNRRYTL,0.0813540103522507,1.0,WT-like,sensitive
276,caspofungin,single,1.0,DWPRRYTL,4.2289702314113296,1.0,resistant,resistant
277,caspofungin,single,1.0,DWQRRYTL,-0.134070269485333,1.0,WT-like,sensitive
278,caspofungin,single,1.0,DWRRRYTL,-0.0005921830853112819,1.0,WT-like,sensitive
279,caspofungin,single,1.0,DWSRRYTL,-0.5182070541629356,1.0,WT-like,sensitive
280,caspofungin,single,1.0,DWTRRYTL,-0.3358390546754441,1.0,WT-like,sensitive
281,caspofungin,single,1.0,DWV*RYTL,-0.0486241300341929,1.0,WT-like,sensitive
282,caspofungin,single,1.0,DWVARYTL,-0.1421913650154098,1.0,WT-like,sensitive
283,caspofungin,single,1.0,DWVCRYTL,-0.4697421910573536,1.0,WT-like,sensitive
284,caspofungin,single,1.0,DWVDRYTL,-0.3860288177997577,1.0,WT-like,sensitive
285,caspofungin,single,1.0,DWVERYTL,0.09028221335973,1.0,WT-like,sensitive
286,caspofungin,single,1.0,DWVGRYTL,0.8494808196442456,2.0,intermediary,resistant
287,caspofungin,single,1.0,DWVHRYTL,1.0143241420548916,2.0,intermediary,resistant
288,caspofungin,single,1.0,DWVIRYTL,-0.3363884101572538,1.0,WT-like,sensitive
289,caspofungin,single,1.0,DWVKRYTL,-0.1524645657736649,1.0,WT-like,sensitive
290,caspofungin,single,1.0,DWVLRYTL,-0.4292243279473833,1.0,WT-like,sensitive
291,caspofungin,single,1.0,DWVMRYTL,-0.0516292877146722,1.0,WT-like,sensitive
292,caspofungin,single,1.0,DWVNRYTL,1.82058296728582,2.0,intermediary,resistant
293,caspofungin,single,1.0,DWVPRYTL,-0.4406639454771093,1.0,WT-like,sensitive
294,caspofungin,single,1.0,DWVQRYTL,1.4761795280816778,2.0,intermediary,resistant
295,caspofungin,single,1.0,DWVR*YTL,0.0196192073157632,1.0,WT-like,sensitive
296,caspofungin,single,1.0,DWVRCYTL,3.86005854616674,1.0,resistant,resistant
297,caspofungin,single,1.0,DWVRFYTL,4.651970712214277,1.0,resistant,resistant
298,caspofungin,single,1.0,DWVRHYTL,4.180940645536875,1.0,resistant,resistant
299,caspofungin,single,1.0,DWVRIYTL,-0.1060687415018217,1.0,WT-like,sensitive
300,caspofungin,single,1.0,DWVRKYTL,-0.0603752453482435,1.0,WT-like,sensitive
301,caspofungin,single,1.0,DWVRLYTL,1.1329527212759212,1.0,intermediary,resistant
302,caspofungin,single,1.0,DWVRMYTL,4.153477651977248,1.0,resistant,resistant
303,caspofungin,single,1.0,DWVRNYTL,3.62295430647352,1.0,resistant,resistant
304,caspofungin,single,1.0,DWVRPYTL,0.2396809522416328,1.0,WT-like,sensitive
305,caspofungin,single,1.0,DWVRQYTL,1.5503312775892173,1.0,intermediary,resistant
306,caspofungin,single,1.0,DWVRR*TL,-0.2206952369964199,1.0,WT-like,sensitive
307,caspofungin,single,1.0,DWVRRATL,0.5746669072831908,1.0,WT-like,sensitive
308,caspofungin,single,1.0,DWVRRCTL,-0.23505470077178,1.0,WT-like,sensitive
309,caspofungin,single,1.0,DWVRRETL,1.1543447837152312,1.0,intermediary,resistant
310,caspofungin,single,1.0,DWVRRFTL,1.8427747717679568,3.0,intermediary,resistant
311,caspofungin,single,1.0,DWVRRGTL,-0.4942799075726416,1.0,WT-like,sensitive
312,caspofungin,single,1.0,DWVRRHTL,2.883282004456478,2.0,resistant,resistant
313,caspofungin,single,1.0,DWVRRITL,4.662024468994915,1.0,resistant,resistant
314,caspofungin,single,1.0,DWVRRLTL,0.5051834173214442,1.0,WT-like,sensitive
315,caspofungin,single,1.0,DWVRRMTL,1.176062606701752,1.0,intermediary,resistant
316,caspofungin,single,1.0,DWVRRNTL,0.7260337067004192,1.0,intermediary,resistant
317,caspofungin,single,1.0,DWVRRPTL,2.0589986337989203,2.0,intermediary,resistant
318,caspofungin,single,1.0,DWVRRRTL,3.4700437115302316,1.0,resistant,resistant
319,caspofungin,single,1.0,DWVRRSTL,0.759841563176545,1.0,intermediary,resistant
320,caspofungin,single,1.0,DWVRRVTL,4.516971948246916,1.0,resistant,resistant
321,caspofungin,single,1.0,DWVRRY*L,0.0168718794437752,1.0,WT-like,sensitive
322,caspofungin,single,1.0,DWVRRYAL,0.3129607888037125,1.0,WT-like,sensitive
323,caspofungin,single,1.0,DWVRRYCL,-0.3336053228604627,1.0,WT-like,sensitive
324,caspofungin,single,1.0,DWVRRYFL,1.246139291889344,2.0,intermediary,resistant
325,caspofungin,single,1.0,DWVRRYIL,-0.3336053228604627,1.0,WT-like,sensitive
326,caspofungin,single,1.0,DWVRRYKL,-0.1377875400726793,1.0,WT-like,sensitive
327,caspofungin,single,1.0,DWVRRYLL,0.6260496018701834,1.0,intermediary,resistant
328,caspofungin,single,1.0,DWVRRYML,0.1299634353535732,1.0,WT-like,sensitive
329,caspofungin,single,1.0,DWVRRYPL,1.4761795280816778,2.0,intermediary,resistant
330,caspofungin,single,1.0,DWVRRYQL,-0.1259989235407217,1.0,WT-like,sensitive
331,caspofungin,single,1.0,DWVRRYSL,-0.344473461520187,1.0,WT-like,sensitive
332,caspofungin,single,1.0,DWVRRYT*,-0.0665227768522207,1.0,WT-like,sensitive
333,caspofungin,single,1.0,DWVRRYTD,1.3972377427322369,2.0,intermediary,resistant
334,caspofungin,single,1.0,DWVRRYTF,-0.0863751801984089,1.0,WT-like,sensitive
335,caspofungin,single,1.0,DWVRRYTG,2.8796589435755315,1.0,resistant,resistant
336,caspofungin,single,1.0,DWVRRYTH,2.8389900030689006,1.0,resistant,resistant
337,caspofungin,single,1.0,DWVRRYTI,-0.3902910523156331,1.0,WT-like,sensitive
338,caspofungin,single,1.0,DWVRRYTK,4.662311144756478,1.0,resistant,resistant
339,caspofungin,single,1.0,DWVRRYTM,-0.2857621661407403,1.0,WT-like,sensitive
340,caspofungin,single,1.0,DWVRRYTN,2.6475375354494104,1.0,intermediary,resistant
341,caspofungin,single,1.0,DWVRRYTS,0.0294749838794974,1.0,WT-like,sensitive
342,caspofungin,single,1.0,DWVRRYTT,-0.2849299276723149,1.0,WT-like,sensitive
343,caspofungin,single,1.0,DWVRRYTV,3.096172188642821,3.0,resistant,resistant
344,caspofungin,single,1.0,DWVRRYTW,3.599442901296013,1.0,resistant,resistant
345,caspofungin,single,1.0,DWVRRYTY,-0.1569425147443559,1.0,WT-like,sensitive
346,caspofungin,single,1.0,DWVRRYVL,-0.6186422642874105,1.0,WT-like,sensitive
347,caspofungin,single,1.0,DWVRRYWL,-0.5045806519599054,1.0,WT-like,sensitive
348,caspofungin,single,1.0,DWVRRYYL,1.8188618942541417,2.0,intermediary,resistant
349,caspofungin,single,1.0,DWVRSYTL,3.307303742777515,1.0,resistant,resistant
350,caspofungin,single,1.0,DWVRTYTL,4.078845766316755,1.0,resistant,resistant
351,caspofungin,single,1.0,DWVRVYTL,0.7830231853029427,1.0,intermediary,resistant
352,caspofungin,single,1.0,DWVRWYTL,3.9547296076013607,1.0,resistant,resistant
353,caspofungin,single,1.0,DWVRYYTL,2.9694703180787703,2.0,resistant,resistant
354,caspofungin,single,1.0,DWVSRYTL,0.0879087437504262,1.0,WT-like,sensitive
355,caspofungin,single,1.0,DWVTRYTL,-0.0010432411138723494,1.0,WT-like,sensitive
356,caspofungin,single,1.0,DWVVRYTL,-0.4669649570804326,1.0,WT-like,sensitive
357,caspofungin,single,1.0,DWVWRYTL,-0.4169259600761714,1.0,WT-like,sensitive
358,caspofungin,single,1.0,DWVYRYTL,-0.0806651049760418,1.0,WT-like,sensitive
359,caspofungin,single,1.0,DWWRRYTL,0.1738980376807406,1.0,WT-like,sensitive
360,caspofungin,single,1.0,DWYRRYTL,0.193135680853508,1.0,WT-like,sensitive
361,caspofungin,single,1.0,DYVRRYTL,0.1107585416881278,1.0,WT-like,sensitive
362,caspofungin,single,1.0,FWVRRYTL,-0.302611514401812,1.0,WT-like,sensitive
363,caspofungin,single,1.0,GWVRRYTL,-0.2616423555007547,1.0,WT-like,sensitive
364,caspofungin,single,1.0,IWVRRYTL,-0.7989422184724999,1.0,WT-like,sensitive
365,caspofungin,single,1.0,KWVRRYTL,0.3356676076094946,1.0,WT-like,sensitive
366,caspofungin,single,1.0,LWVRRYTL,-0.371035332947919,1.0,WT-like,sensitive
367,caspofungin,single,1.0,MWVRRYTL,-0.4641403300500841,1.0,WT-like,sensitive
368,caspofungin,single,1.0,NWVRRYTL,-0.1010485401166851,1.0,WT-like,sensitive
369,caspofungin,single,1.0,PWVRRYTL,0.4871553114414551,1.0,WT-like,sensitive
370,caspofungin,single,1.0,QWVRRYTL,1.115318470034356,2.0,intermediary,resistant
371,caspofungin,single,1.0,RWVRRYTL,-0.1723178322604983,1.0,WT-like,sensitive
372,caspofungin,single,1.0,SWVRRYTL,1.5909385146062218,2.0,intermediary,resistant
373,caspofungin,single,1.0,TWVRRYTL,-0.15155393701822256,1.0,WT-like,sensitive
374,caspofungin,single,1.0,VWVRRYTL,0.8440613986901849,1.0,intermediary,resistant
375,caspofungin,single,1.0,YWVRRYTL,-0.391019781645106,1.0,WT-like,sensitive
376,micafungin,ortho,2.0,EWIRRYTL,-0.3042250960445094,1.0,WT-like,sensitive
377,micafungin,ortho,3.0,DWIRRCVL,-0.3198383229464259,1.0,WT-like,sensitive
378,micafungin,ortho,3.0,DWVFRSIL,-0.3863222919096092,1.0,WT-like,sensitive
379,micafungin,ortho,3.0,DWVKRCIL,-0.2602822500742765,1.0,WT-like,sensitive
380,micafungin,ortho,3.0,DWVNRCIL,-0.5569985840800675,1.0,WT-like,sensitive
381,micafungin,ortho,3.0,DWVQRSIL,-0.1749854278541436,1.0,WT-like,sensitive
382,micafungin,ortho,3.0,DWVYRCIL,-0.517814539954585,1.0,WT-like,sensitive
383,micafungin,ortho,3.0,DWVYRCVL,-0.3685215442273821,1.0,WT-like,sensitive
384,micafungin,ortho,3.0,DWVYRSIL,-0.340630820680833,1.0,WT-like,sensitive
385,micafungin,ortho,3.0,DWVYRSVL,-0.0341609401505564,1.0,WT-like,sensitive
386,micafungin,ortho,4.0,DWIRRCIV,-0.573741627277442,1.0,WT-like,sensitive
387,micafungin,ortho,4.0,DWIYRCVL,1.268069801428534,2.0,intermediary,resistant
388,micafungin,ortho,4.0,DWIYRSIL,-0.4169309628364064,1.0,WT-like,sensitive
389,micafungin,ortho,4.0,DWLQRCML,-0.2986363928411757,1.0,WT-like,sensitive
390,micafungin,ortho,4.0,DWLRRCII,0.2730216455348493,2.0,WT-like,sensitive
391,micafungin,ortho,4.0,DWVARCII,-0.0732719833763089,1.0,WT-like,sensitive
392,micafungin,ortho,4.0,DWVARCIV,-0.4250601063548367,1.0,WT-like,sensitive
393,micafungin,ortho,4.0,DWVARSIA,-0.173347737585733,1.0,WT-like,sensitive
394,micafungin,ortho,4.0,DWVERCIV,-0.4212087773822488,1.0,WT-like,sensitive
395,micafungin,ortho,4.0,DWVERCVV,-0.3101590427441802,1.0,WT-like,sensitive
396,micafungin,ortho,4.0,DWVNRCII,0.2180098709945304,1.0,WT-like,sensitive
397,micafungin,ortho,4.0,DWVNRCIV,-0.42168558422421,1.0,WT-like,sensitive
398,micafungin,ortho,4.0,DWVNRCVA,0.089766799545607,1.0,WT-like,sensitive
399,micafungin,ortho,4.0,DWVNRCVI,-0.0904765401150506,1.0,WT-like,sensitive
400,micafungin,ortho,4.0,DWVQRCVF,3.787305946708835,1.0,resistant,resistant
401,micafungin,ortho,4.0,DWVQRSIF,0.132481742816076,1.0,WT-like,sensitive
402,micafungin,ortho,4.0,DWVSRCIV,1.0287403500063252,3.0,intermediary,resistant
403,micafungin,ortho,4.0,DWVTRCVV,-0.4658239862930089,1.0,WT-like,sensitive
404,micafungin,ortho,4.0,DWVWRCII,-0.5155574087107024,1.0,WT-like,sensitive
405,micafungin,ortho,4.0,DWVYRSII,-0.270944887693187,1.0,WT-like,sensitive
406,micafungin,ortho,4.0,DWVYRSVI,-0.3725451330772014,1.0,WT-like,sensitive
407,micafungin,ortho,4.0,EWVKRCIL,-0.2029264160519805,1.0,WT-like,sensitive
408,micafungin,ortho,4.0,EWVQRCTA,0.0046394663045075,1.0,WT-like,sensitive
409,micafungin,ortho,4.0,GWVERCVL,1.5175101014221384,1.0,intermediary,resistant
410,micafungin,ortho,4.0,GWVQRCVL,0.0930078649493646,1.0,WT-like,sensitive
411,micafungin,ortho,4.0,NWVYRCIL,-0.3694278309270045,1.0,WT-like,sensitive
412,micafungin,ortho,4.0,NWVYRCVL,0.0545288558501555,1.0,WT-like,sensitive
413,micafungin,ortho,5.0,DWIDRCIA,-0.4331572990780938,1.0,WT-like,sensitive
414,micafungin,ortho,5.0,DWIERCCV,2.025605829732541,2.0,intermediary,resistant
415,micafungin,ortho,5.0,DWIKRCIM,0.4897650604414176,1.0,WT-like,sensitive
416,micafungin,ortho,5.0,DWIKRCVI,-0.4839986367106399,1.0,WT-like,sensitive
417,micafungin,ortho,5.0,DWIQRCVF,3.495650458568331,1.0,resistant,resistant
418,micafungin,ortho,5.0,DWIYRCIV,-0.3707430871994757,1.0,WT-like,sensitive
419,micafungin,ortho,5.0,DWIYRSIV,-0.5390535982777416,1.0,WT-like,sensitive
420,micafungin,ortho,5.0,DWMWRCVI,-0.643227396033796,1.0,WT-like,sensitive
421,micafungin,ortho,5.0,EWIQRCVL,-0.2937293784741484,1.0,WT-like,sensitive
422,micafungin,ortho,5.0,EWVERCIV,-0.4525446454813955,1.0,WT-like,sensitive
423,micafungin,ortho,5.0,EWVQRCVV,-0.5820620517137733,1.0,WT-like,sensitive
424,micafungin,ortho,5.0,HWVQRCIV,-0.3079586342613263,1.0,WT-like,sensitive
425,micafungin,ortho,5.0,NWVDRCVI,-0.4911801031950729,1.0,WT-like,sensitive
426,micafungin,ortho,5.0,NWVERCIV,-0.134430973705629,1.0,WT-like,sensitive
427,micafungin,ortho,5.0,NWVNRCVI,-0.4513354852476254,1.0,WT-like,sensitive
428,micafungin,ortho,5.0,NWVQRCVV,0.2710479364516773,1.0,WT-like,sensitive
429,micafungin,ortho,5.0,NWVWRCVI,-0.0518180995296191,1.0,WT-like,sensitive
430,micafungin,ortho,5.0,NWVYRCII,-0.511442362830874,1.0,WT-like,sensitive
431,micafungin,ortho,5.0,NWVYRCVI,-0.7609769250353877,1.0,WT-like,sensitive
432,micafungin,ortho,5.0,QWVQRSIF,-0.0689730590785022,1.0,WT-like,sensitive
433,micafungin,ortho,6.0,LWIKRTII,-0.27260685427516,1.0,WT-like,sensitive
434,micafungin,ortho,6.0,NWLKRCII,-0.3528608227778731,1.0,WT-like,sensitive
435,micafungin,ortho,6.0,NWLKRVVI,-0.4526079103218157,1.0,WT-like,sensitive
436,micafungin,ortho,6.0,RWIKRCII,-0.2937955514783121,1.0,WT-like,sensitive
437,micafungin,ortho,6.0,SWLKRCVI,-0.2325240462710378,1.0,WT-like,sensitive
438,micafungin,ortho,7.0,NQQFIIQL,-0.100568504764408,1.0,WT-like,sensitive
439,micafungin,single,0.0,DWVRRYTL,0.1510790953885612,1.0,WT-like,sensitive
440,micafungin,single,1.0,*WVRRYTL,-0.260419856464027,1.0,WT-like,sensitive
441,micafungin,single,1.0,AWVRRYTL,-0.5516634200827624,1.0,WT-like,sensitive
442,micafungin,single,1.0,CWVRRYTL,-0.6621872950426275,1.0,WT-like,sensitive
443,micafungin,single,1.0,DAVRRYTL,-0.2877948121148672,1.0,WT-like,sensitive
444,micafungin,single,1.0,DFVRRYTL,-0.0051204573132164,1.0,WT-like,sensitive
445,micafungin,single,1.0,DGVRRYTL,0.188982364668675,2.0,WT-like,sensitive
446,micafungin,single,1.0,DHVRRYTL,2.14856187447882,2.0,intermediary,resistant
447,micafungin,single,1.0,DKVRRYTL,-0.1890849110708838,1.0,WT-like,sensitive
448,micafungin,single,1.0,DLVRRYTL,0.0107485303141374,1.0,WT-like,sensitive
449,micafungin,single,1.0,DMVRRYTL,-0.2597574078225833,1.0,WT-like,sensitive
450,micafungin,single,1.0,DNVRRYTL,-0.3959246620519852,1.0,WT-like,sensitive
451,micafungin,single,1.0,DPVRRYTL,0.643264360205711,1.0,intermediary,resistant
452,micafungin,single,1.0,DQVRRYTL,1.4727270760079998,3.0,intermediary,resistant
453,micafungin,single,1.0,DRVRRYTL,2.2471638695724656,1.0,intermediary,resistant
454,micafungin,single,1.0,DSVRRYTL,-0.2241473990803411,1.0,WT-like,sensitive
455,micafungin,single,1.0,DTVRRYTL,0.8002825595055918,1.0,intermediary,resistant
456,micafungin,single,1.0,DW*RRYTL,1.065707888190753,2.0,intermediary,resistant
457,micafungin,single,1.0,DWFRRYTL,-0.4455862265850645,1.0,WT-like,sensitive
458,micafungin,single,1.0,DWGRRYTL,-0.5257691976822501,1.0,WT-like,sensitive
459,micafungin,single,1.0,DWIRRYTL,-0.2144720735878538,1.0,WT-like,sensitive
460,micafungin,single,1.0,DWKRRYTL,-0.7089587031495652,1.0,WT-like,sensitive
461,micafungin,single,1.0,DWLRRYTL,0.09837431320059875,1.0,WT-like,sensitive
462,micafungin,single,1.0,DWMRRYTL,-0.5478859811359871,1.0,WT-like,sensitive
463,micafungin,single,1.0,DWNRRYTL,-0.6556713133451626,1.0,WT-like,sensitive
464,micafungin,single,1.0,DWPRRYTL,3.950027993283368,1.0,resistant,resistant
465,micafungin,single,1.0,DWQRRYTL,-0.1964616485328294,1.0,WT-like,sensitive
466,micafungin,single,1.0,DWRRRYTL,-0.07845862747485619,1.0,WT-like,sensitive
467,micafungin,single,1.0,DWSRRYTL,-0.7273266620408267,1.0,WT-like,sensitive
468,micafungin,single,1.0,DWTRRYTL,-0.2241858568604819,1.0,WT-like,sensitive
469,micafungin,single,1.0,DWV*RYTL,-0.0891294413070737,1.0,WT-like,sensitive
470,micafungin,single,1.0,DWVARYTL,-0.4606381343275285,1.0,WT-like,sensitive
471,micafungin,single,1.0,DWVCRYTL,-0.1749854278541436,1.0,WT-like,sensitive
472,micafungin,single,1.0,DWVDRYTL,-0.0330380654704551,1.0,WT-like,sensitive
473,micafungin,single,1.0,DWVERYTL,-0.3229830398123399,1.0,WT-like,sensitive
474,micafungin,single,1.0,DWVGRYTL,0.7402393045049365,2.0,intermediary,resistant
475,micafungin,single,1.0,DWVHRYTL,0.8865896011851917,2.0,intermediary,resistant
476,micafungin,single,1.0,DWVIRYTL,-0.1299873107574543,1.0,WT-like,sensitive
477,micafungin,single,1.0,DWVKRYTL,-0.0983010597049172,1.0,WT-like,sensitive
478,micafungin,single,1.0,DWVLRYTL,-0.0361757225284935,1.0,WT-like,sensitive
479,micafungin,single,1.0,DWVMRYTL,-0.3641397757011755,1.0,WT-like,sensitive
480,micafungin,single,1.0,DWVNRYTL,1.268069801428534,2.0,intermediary,resistant
481,micafungin,single,1.0,DWVPRYTL,-0.4443514779456783,1.0,WT-like,sensitive
482,micafungin,single,1.0,DWVQRYTL,1.2966315232960055,2.0,intermediary,resistant
483,micafungin,single,1.0,DWVR*YTL,-0.0563589419646972,1.0,WT-like,sensitive
484,micafungin,single,1.0,DWVRCYTL,3.196299891740616,1.0,resistant,resistant
485,micafungin,single,1.0,DWVRFYTL,4.253068411718051,1.0,resistant,resistant
486,micafungin,single,1.0,DWVRHYTL,3.371048495663393,1.0,resistant,resistant
487,micafungin,single,1.0,DWVRIYTL,-0.3538767499334638,1.0,WT-like,sensitive
488,micafungin,single,1.0,DWVRKYTL,-0.4374984191667206,1.0,WT-like,sensitive
489,micafungin,single,1.0,DWVRLYTL,0.5834650162505688,1.0,intermediary,resistant
490,micafungin,single,1.0,DWVRMYTL,4.328593853521722,1.0,resistant,resistant
491,micafungin,single,1.0,DWVRNYTL,3.5028579470627057,1.0,resistant,resistant
492,micafungin,single,1.0,DWVRPYTL,-0.35169909927076914,1.0,WT-like,sensitive
493,micafungin,single,1.0,DWVRQYTL,1.6238744755426024,1.0,intermediary,resistant
494,micafungin,single,1.0,DWVRR*TL,-0.0558814379827694,1.0,WT-like,sensitive
495,micafungin,single,1.0,DWVRRATL,0.21605308338236592,1.0,WT-like,sensitive
496,micafungin,single,1.0,DWVRRCTL,0.003584194847908,1.0,WT-like,sensitive
497,micafungin,single,1.0,DWVRRETL,-0.1027918141102488,1.0,WT-like,sensitive
498,micafungin,single,1.0,DWVRRFTL,1.622100106981822,3.0,intermediary,resistant
499,micafungin,single,1.0,DWVRRGTL,-0.1416214979719487,1.0,WT-like,sensitive
500,micafungin,single,1.0,DWVRRHTL,2.901897921831388,2.0,resistant,resistant
501,micafungin,single,1.0,DWVRRITL,2.080636988876504,1.0,intermediary,resistant
502,micafungin,single,1.0,DWVRRLTL,-0.0661694166973734,1.0,WT-like,sensitive
503,micafungin,single,1.0,DWVRRMTL,-0.495565525417605,1.0,WT-like,sensitive
504,micafungin,single,1.0,DWVRRNTL,-0.2379514967662026,1.0,WT-like,sensitive
505,micafungin,single,1.0,DWVRRPTL,0.6165018917552321,2.0,intermediary,resistant
506,micafungin,single,1.0,DWVRRRTL,2.9587471759339623,1.0,resistant,resistant
507,micafungin,single,1.0,DWVRRSTL,0.2303864176153957,1.0,WT-like,sensitive
508,micafungin,single,1.0,DWVRRVTL,0.2622012655237302,1.0,WT-like,sensitive
509,micafungin,single,1.0,DWVRRY*L,-0.1791813842195182,1.0,WT-like,sensitive
510,micafungin,single,1.0,DWVRRYAL,-1.3966166581546045,1.0,WT-like,sensitive
511,micafungin,single,1.0,DWVRRYCL,-0.8393552811173648,1.0,WT-like,sensitive
512,micafungin,single,1.0,DWVRRYFL,1.065707888190753,2.0,intermediary,resistant
513,micafungin,single,1.0,DWVRRYIL,-0.5779839516897902,1.0,WT-like,sensitive
514,micafungin,single,1.0,DWVRRYKL,-0.4168551162969645,1.0,WT-like,sensitive
515,micafungin,single,1.0,DWVRRYLL,0.17764791218758758,1.0,WT-like,sensitive
516,micafungin,single,1.0,DWVRRYML,0.0530069975735334,1.0,WT-like,sensitive
517,micafungin,single,1.0,DWVRRYPL,1.2966315232960055,2.0,intermediary,resistant
518,micafungin,single,1.0,DWVRRYQL,-0.3696763812772943,1.0,WT-like,sensitive
519,micafungin,single,1.0,DWVRRYSL,-0.6832193296476126,1.0,WT-like,sensitive
520,micafungin,single,1.0,DWVRRYT*,-0.1006100021301912,1.0,WT-like,sensitive
521,micafungin,single,1.0,DWVRRYTD,1.065707888190753,2.0,intermediary,resistant
522,micafungin,single,1.0,DWVRRYTF,0.5958694855258702,1.0,intermediary,resistant
523,micafungin,single,1.0,DWVRRYTG,-0.444307295240637,1.0,WT-like,sensitive
524,micafungin,single,1.0,DWVRRYTH,-0.3727101299626163,1.0,WT-like,sensitive
525,micafungin,single,1.0,DWVRRYTI,-0.5559392066255122,1.0,WT-like,sensitive
526,micafungin,single,1.0,DWVRRYTK,4.228072369337287,1.0,resistant,resistant
527,micafungin,single,1.0,DWVRRYTM,-0.3345610659518225,1.0,WT-like,sensitive
528,micafungin,single,1.0,DWVRRYTN,-0.0752605450948982,1.0,WT-like,sensitive
529,micafungin,single,1.0,DWVRRYTS,-0.0363846579459621,1.0,WT-like,sensitive
530,micafungin,single,1.0,DWVRRYTT,-0.2889003133154122,1.0,WT-like,sensitive
531,micafungin,single,1.0,DWVRRYTV,1.2966315232960055,3.0,intermediary,resistant
532,micafungin,single,1.0,DWVRRYTW,2.962399663741536,1.0,resistant,resistant
533,micafungin,single,1.0,DWVRRYTY,1.4492204857957582,1.0,intermediary,resistant
534,micafungin,single,1.0,DWVRRYVL,-0.6019918509399687,1.0,WT-like,sensitive
535,micafungin,single,1.0,DWVRRYWL,-0.2506091588563426,1.0,WT-like,sensitive
536,micafungin,single,1.0,DWVRRYYL,1.4727270760079998,2.0,intermediary,resistant
537,micafungin,single,1.0,DWVRSYTL,3.25778820543118,1.0,resistant,resistant
538,micafungin,single,1.0,DWVRTYTL,3.640528351277672,1.0,resistant,resistant
539,micafungin,single,1.0,DWVRVYTL,0.3276358759876111,1.0,WT-like,sensitive
540,micafungin,single,1.0,DWVRWYTL,3.794974839289956,1.0,resistant,resistant
541,micafungin,single,1.0,DWVRYYTL,2.588534247883705,2.0,resistant,resistant
542,micafungin,single,1.0,DWVSRYTL,0.0361363121555986,1.0,WT-like,sensitive
543,micafungin,single,1.0,DWVTRYTL,-0.1877121444423002,1.0,WT-like,sensitive
544,micafungin,single,1.0,DWVVRYTL,-0.6612503537472834,1.0,WT-like,sensitive
545,micafungin,single,1.0,DWVWRYTL,-0.5588626099969187,1.0,WT-like,sensitive
546,micafungin,single,1.0,DWVYRYTL,-0.153348115759448,1.0,WT-like,sensitive
547,micafungin,single,1.0,DWWRRYTL,-0.7414137074866831,1.0,WT-like,sensitive
548,micafungin,single,1.0,DWYRRYTL,-0.5284557044813645,1.0,WT-like,sensitive
549,micafungin,single,1.0,DYVRRYTL,0.0745732047177445,1.0,WT-like,sensitive
550,micafungin,single,1.0,FWVRRYTL,-0.4240769087960081,1.0,WT-like,sensitive
551,micafungin,single,1.0,GWVRRYTL,-0.6514687986909729,1.0,WT-like,sensitive
552,micafungin,single,1.0,IWVRRYTL,-0.6379557127947462,1.0,WT-like,sensitive
553,micafungin,single,1.0,KWVRRYTL,0.354108517251861,1.0,WT-like,sensitive
554,micafungin,single,1.0,LWVRRYTL,-0.5319641665556816,1.0,WT-like,sensitive
555,micafungin,single,1.0,MWVRRYTL,-0.3495241905593631,1.0,WT-like,sensitive
556,micafungin,single,1.0,NWVRRYTL,-0.1671360437027726,1.0,WT-like,sensitive
557,micafungin,single,1.0,PWVRRYTL,0.2623990529570792,1.0,WT-like,sensitive
558,micafungin,single,1.0,QWVRRYTL,0.8865896011851917,2.0,intermediary,resistant
559,micafungin,single,1.0,RWVRRYTL,-0.44422383378361197,1.0,WT-like,sensitive
560,micafungin,single,1.0,SWVRRYTL,1.1294238423942264,2.0,intermediary,resistant
561,micafungin,single,1.0,TWVRRYTL,-0.12859600771606233,1.0,WT-like,sensitive
562,micafungin,single,1.0,VWVRRYTL,0.5865014645762336,1.0,intermediary,resistant
563,micafungin,single,1.0,YWVRRYTL,-0.5036056343497881,1.0,WT-like,sensitive
564,none,ortho,2.0,EWIRRYTL,0.1883690328136689,1.0,WT-like,sensitive
565,none,ortho,3.0,DWIRRCVL,0.2339465443590512,1.0,WT-like,sensitive
566,none,ortho,3.0,DWVFRSIL,0.2258212749988325,1.0,WT-like,sensitive
567,none,ortho,3.0,DWVKRCIL,0.2651868727326386,1.0,WT-like,sensitive
568,none,ortho,3.0,DWVNRCIL,0.2203782889384269,1.0,WT-like,sensitive
569,none,ortho,3.0,DWVQRSIL,0.2774996352819904,1.0,WT-like,sensitive
570,none,ortho,3.0,DWVYRCIL,0.2969925547564325,1.0,WT-like,sensitive
571,none,ortho,3.0,DWVYRCVL,0.185504713749092,1.0,WT-like,sensitive
572,none,ortho,3.0,DWVYRSIL,0.2545492360872617,1.0,WT-like,sensitive
573,none,ortho,3.0,DWVYRSVL,0.4071445937067867,1.0,WT-like,sensitive
574,none,ortho,4.0,DWIRRCIV,0.261918189473918,1.0,WT-like,sensitive
575,none,ortho,4.0,DWIYRCVL,-0.2063062112480174,2.0,WT-like,sensitive
576,none,ortho,4.0,DWIYRSIL,0.1575287744379638,1.0,WT-like,sensitive
577,none,ortho,4.0,DWLQRCML,0.2571252258297263,1.0,WT-like,sensitive
578,none,ortho,4.0,DWLRRCII,0.2390121181365951,2.0,WT-like,sensitive
579,none,ortho,4.0,DWVARCII,0.4323047153762587,1.0,WT-like,sensitive
580,none,ortho,4.0,DWVARCIV,0.3507689496248051,1.0,WT-like,sensitive
581,none,ortho,4.0,DWVARSIA,0.1798324548348609,1.0,WT-like,sensitive
582,none,ortho,4.0,DWVERCIV,0.263291290112141,1.0,WT-like,sensitive
583,none,ortho,4.0,DWVERCVV,0.1878781432086275,1.0,WT-like,sensitive
584,none,ortho,4.0,DWVNRCII,0.2375852656468721,1.0,WT-like,sensitive
585,none,ortho,4.0,DWVNRCIV,0.2664100739040333,1.0,WT-like,sensitive
586,none,ortho,4.0,DWVNRCVA,0.3571074079297874,1.0,WT-like,sensitive
587,none,ortho,4.0,DWVNRCVI,0.2730969595184747,1.0,WT-like,sensitive
588,none,ortho,4.0,DWVQRCVF,0.2569751650073396,1.0,WT-like,sensitive
589,none,ortho,4.0,DWVQRSIF,0.4577010327639931,1.0,WT-like,sensitive
590,none,ortho,4.0,DWVSRCIV,-0.238850104159296,3.0,WT-like,sensitive
591,none,ortho,4.0,DWVTRCVV,0.267094477743415,1.0,WT-like,sensitive
592,none,ortho,4.0,DWVWRCII,0.3093201376014727,1.0,WT-like,sensitive
593,none,ortho,4.0,DWVYRSII,0.3241017342833707,1.0,WT-like,sensitive
594,none,ortho,4.0,DWVYRSVI,0.2569333386922002,1.0,WT-like,sensitive
595,none,ortho,4.0,EWVKRCIL,0.2071886083676674,1.0,WT-like,sensitive
596,none,ortho,4.0,EWVQRCTA,0.1712219076215242,1.0,WT-like,sensitive
597,none,ortho,4.0,GWVERCVL,0.4046940015899549,1.0,WT-like,sensitive
598,none,ortho,4.0,GWVQRCVL,0.2794899009335806,1.0,WT-like,sensitive
599,none,ortho,4.0,NWVYRCIL,0.2026679168988941,1.0,WT-like,sensitive
600,none,ortho,4.0,NWVYRCVL,0.3611392463742667,1.0,WT-like,sensitive
601,none,ortho,5.0,DWIDRCIA,0.2944366392330549,1.0,WT-like,sensitive
602,none,ortho,5.0,DWIERCCV,0.1078007432002517,2.0,WT-like,sensitive
603,none,ortho,5.0,DWIKRCIM,0.2868949390728482,1.0,WT-like,sensitive
604,none,ortho,5.0,DWIKRCVI,0.3179142898560104,1.0,WT-like,sensitive
605,none,ortho,5.0,DWIQRCVF,0.3379994544858273,1.0,WT-like,sensitive
606,none,ortho,5.0,DWIYRCIV,0.2663459830700867,1.0,WT-like,sensitive
607,none,ortho,5.0,DWIYRSIV,0.1729961820522406,1.0,WT-like,sensitive
608,none,ortho,5.0,DWMWRCVI,0.2415833909389951,1.0,WT-like,sensitive
609,none,ortho,5.0,EWIQRCVL,0.1932973921375236,1.0,WT-like,sensitive
610,none,ortho,5.0,EWVERCIV,0.2837942265082925,1.0,WT-like,sensitive
611,none,ortho,5.0,EWVQRCVV,0.2990280581399293,1.0,WT-like,sensitive
612,none,ortho,5.0,HWVQRCIV,0.2588337581205403,1.0,WT-like,sensitive
613,none,ortho,5.0,NWVDRCVI,0.2012662323035479,1.0,WT-like,sensitive
614,none,ortho,5.0,NWVERCIV,0.1641578233596805,1.0,WT-like,sensitive
615,none,ortho,5.0,NWVNRCVI,0.2446880347786211,1.0,WT-like,sensitive
616,none,ortho,5.0,NWVQRCVV,0.2785132761428317,1.0,WT-like,sensitive
617,none,ortho,5.0,NWVWRCVI,0.4054148371514128,1.0,WT-like,sensitive
618,none,ortho,5.0,NWVYRCII,0.279488619743965,1.0,WT-like,sensitive
619,none,ortho,5.0,NWVYRCVI,0.2071121576987405,1.0,WT-like,sensitive
620,none,ortho,5.0,QWVQRSIF,0.1182920784001565,1.0,WT-like,sensitive
621,none,ortho,6.0,LWIKRTII,0.1831029276823768,1.0,WT-like,sensitive
622,none,ortho,6.0,NWLKRCII,0.2293009108991553,1.0,WT-like,sensitive
623,none,ortho,6.0,NWLKRVVI,0.1227347565606504,1.0,WT-like,sensitive
624,none,ortho,6.0,RWIKRCII,0.2592856128404638,1.0,WT-like,sensitive
625,none,ortho,6.0,SWLKRCVI,0.2503768968043766,1.0,WT-like,sensitive
626,none,ortho,7.0,NQQFIIQL,0.2043622314713297,1.0,WT-like,sensitive
627,none,single,0.0,DWVRRYTL,-0.0761026328800907,1.0,WT-like,sensitive
628,none,single,1.0,*WVRRYTL,0.2488781158279076,1.0,WT-like,sensitive
629,none,single,1.0,AWVRRYTL,-0.1131648789133684,1.0,WT-like,sensitive
630,none,single,1.0,CWVRRYTL,0.1728418028386655,1.0,WT-like,sensitive
631,none,single,1.0,DAVRRYTL,0.201653494570923,1.0,WT-like,sensitive
632,none,single,1.0,DFVRRYTL,0.0441374709432521,1.0,WT-like,sensitive
633,none,single,1.0,DGVRRYTL,0.0104013568633505,2.0,WT-like,sensitive
634,none,single,1.0,DHVRRYTL,-0.1194918690544949,2.0,WT-like,sensitive
635,none,single,1.0,DKVRRYTL,0.0898489344395287,1.0,WT-like,sensitive
636,none,single,1.0,DLVRRYTL,0.1290982651438281,1.0,WT-like,sensitive
637,none,single,1.0,DMVRRYTL,0.164950212868138,1.0,WT-like,sensitive
638,none,single,1.0,DNVRRYTL,0.0728033300775126,1.0,WT-like,sensitive
639,none,single,1.0,DPVRRYTL,0.5659246603441044,1.0,WT-like,sensitive
640,none,single,1.0,DQVRRYTL,0.5195214763516662,3.0,WT-like,sensitive
641,none,single,1.0,DRVRRYTL,0.15435433440821986,1.0,WT-like,sensitive
642,none,single,1.0,DSVRRYTL,0.1229703179244566,1.0,WT-like,sensitive
643,none,single,1.0,DTVRRYTL,0.1545768590418498,1.0,WT-like,sensitive
644,none,single,1.0,DW*RRYTL,-0.1622858036920361,2.0,WT-like,sensitive
645,none,single,1.0,DWFRRYTL,0.0160471835764958,1.0,WT-like,sensitive
646,none,single,1.0,DWGRRYTL,0.1192980646876474,1.0,WT-like,sensitive
647,none,single,1.0,DWIRRYTL,0.0784016389228414,1.0,WT-like,sensitive
648,none,single,1.0,DWKRRYTL,0.0864498679037316,1.0,WT-like,sensitive
649,none,single,1.0,DWLRRYTL,0.023542410529590503,1.0,WT-like,sensitive
650,none,single,1.0,DWMRRYTL,0.0521407128201868,1.0,WT-like,sensitive
651,none,single,1.0,DWNRRYTL,0.1144838465504006,1.0,WT-like,sensitive
652,none,single,1.0,DWPRRYTL,0.289036038713503,1.0,WT-like,sensitive
653,none,single,1.0,DWQRRYTL,-0.0620516496479926,1.0,WT-like,sensitive
654,none,single,1.0,DWRRRYTL,0.20949757267201546,1.0,WT-like,sensitive
655,none,single,1.0,DWSRRYTL,-0.14696685928906794,1.0,WT-like,sensitive
656,none,single,1.0,DWTRRYTL,0.131933638507432,1.0,WT-like,sensitive
657,none,single,1.0,DWV*RYTL,0.3371462251575089,1.0,WT-like,sensitive
658,none,single,1.0,DWVARYTL,0.1828567858989684,1.0,WT-like,sensitive
659,none,single,1.0,DWVCRYTL,0.0348383731799234,1.0,WT-like,sensitive
660,none,single,1.0,DWVDRYTL,0.1628134513318086,1.0,WT-like,sensitive
661,none,single,1.0,DWVERYTL,-0.0184957684421765,1.0,WT-like,sensitive
662,none,single,1.0,DWVGRYTL,-0.361701649464163,2.0,slightly deleterious,sensitive
663,none,single,1.0,DWVHRYTL,0.4544515905597995,2.0,WT-like,sensitive
664,none,single,1.0,DWVIRYTL,0.2585720424591111,1.0,WT-like,sensitive
665,none,single,1.0,DWVKRYTL,0.1491699028883746,1.0,WT-like,sensitive
666,none,single,1.0,DWVLRYTL,0.016563928328928047,1.0,WT-like,sensitive
667,none,single,1.0,DWVMRYTL,0.1658254272883884,1.0,WT-like,sensitive
668,none,single,1.0,DWVNRYTL,0.1078007432002517,2.0,WT-like,sensitive
669,none,single,1.0,DWVPRYTL,0.0947100885212857,1.0,WT-like,sensitive
670,none,single,1.0,DWVQRYTL,0.0166196435332519,2.0,WT-like,sensitive
671,none,single,1.0,DWVR*YTL,0.3251298077646371,1.0,WT-like,sensitive
672,none,single,1.0,DWVRCYTL,0.2297017434494815,1.0,WT-like,sensitive
673,none,single,1.0,DWVRFYTL,0.2403983741619501,1.0,WT-like,sensitive
674,none,single,1.0,DWVRHYTL,0.2205510502436879,1.0,WT-like,sensitive
675,none,single,1.0,DWVRIYTL,0.1391473674975036,1.0,WT-like,sensitive
676,none,single,1.0,DWVRKYTL,0.2212126786752497,1.0,WT-like,sensitive
677,none,single,1.0,DWVRLYTL,0.1168688958066613,1.0,WT-like,sensitive
678,none,single,1.0,DWVRMYTL,0.1416557947641164,1.0,WT-like,sensitive
679,none,single,1.0,DWVRNYTL,0.3085176712241855,1.0,WT-like,sensitive
680,none,single,1.0,DWVRPYTL,0.1361049783807724,1.0,WT-like,sensitive
681,none,single,1.0,DWVRQYTL,0.3566251260914136,1.0,WT-like,sensitive
682,none,single,1.0,DWVRR*TL,0.3016745342590631,1.0,WT-like,sensitive
683,none,single,1.0,DWVRRATL,0.1078007432002517,1.0,WT-like,sensitive
684,none,single,1.0,DWVRRCTL,0.1686636435671358,1.0,WT-like,sensitive
685,none,single,1.0,DWVRRETL,0.0002572505395222,1.0,WT-like,sensitive
686,none,single,1.0,DWVRRFTL,0.4544515905597995,3.0,WT-like,sensitive
687,none,single,1.0,DWVRRGTL,0.2374872437975249,1.0,WT-like,sensitive
688,none,single,1.0,DWVRRHTL,0.3808653914710483,2.0,WT-like,sensitive
689,none,single,1.0,DWVRRITL,-0.0823557452685284,1.0,WT-like,sensitive
690,none,single,1.0,DWVRRLTL,0.168877206125792,1.0,WT-like,sensitive
691,none,single,1.0,DWVRRMTL,0.1342087459701736,1.0,WT-like,sensitive
692,none,single,1.0,DWVRRNTL,0.0839934751377749,1.0,WT-like,sensitive
693,none,single,1.0,DWVRRPTL,0.244291244632671,2.0,WT-like,sensitive
694,none,single,1.0,DWVRRRTL,-0.0853013483543565,1.0,WT-like,sensitive
695,none,single,1.0,DWVRRSTL,-0.043403111863575,1.0,WT-like,sensitive
696,none,single,1.0,DWVRRVTL,0.0994385561500814,1.0,WT-like,sensitive
697,none,single,1.0,DWVRRY*L,0.3037986330674351,1.0,WT-like,sensitive
698,none,single,1.0,DWVRRYAL,0.1678060738770218,1.0,WT-like,sensitive
699,none,single,1.0,DWVRRYCL,-0.0186833823088636,1.0,WT-like,sensitive
700,none,single,1.0,DWVRRYFL,-0.1622858036920361,2.0,WT-like,sensitive
701,none,single,1.0,DWVRRYIL,0.1511690166036387,1.0,WT-like,sensitive
702,none,single,1.0,DWVRRYKL,0.1051378129476008,1.0,WT-like,sensitive
703,none,single,1.0,DWVRRYLL,-0.01656381999306015,1.0,WT-like,sensitive
704,none,single,1.0,DWVRRYML,0.3352632449013799,1.0,WT-like,sensitive
705,none,single,1.0,DWVRRYPL,-0.0207980094423118,2.0,WT-like,sensitive
706,none,single,1.0,DWVRRYQL,0.137072018143232,1.0,WT-like,sensitive
707,none,single,1.0,DWVRRYSL,0.14132983511394537,1.0,WT-like,sensitive
708,none,single,1.0,DWVRRYT*,0.3288706312286466,1.0,WT-like,sensitive
709,none,single,1.0,DWVRRYTD,-0.1622858036920361,2.0,WT-like,sensitive
710,none,single,1.0,DWVRRYTF,0.111162336084491,1.0,WT-like,sensitive
711,none,single,1.0,DWVRRYTG,0.0934375807972547,1.0,WT-like,sensitive
712,none,single,1.0,DWVRRYTH,0.2539881075505485,1.0,WT-like,sensitive
713,none,single,1.0,DWVRRYTI,0.1757750162817271,1.0,WT-like,sensitive
714,none,single,1.0,DWVRRYTK,-0.0439980963045069,1.0,WT-like,sensitive
715,none,single,1.0,DWVRRYTM,0.1266425119495432,1.0,WT-like,sensitive
716,none,single,1.0,DWVRRYTN,0.0956146834401664,1.0,WT-like,sensitive
717,none,single,1.0,DWVRRYTS,0.3644615875163298,1.0,WT-like,sensitive
718,none,single,1.0,DWVRRYTT,0.1306476952218562,1.0,WT-like,sensitive
719,none,single,1.0,DWVRRYTV,-0.0207980094423118,3.0,WT-like,sensitive
720,none,single,1.0,DWVRRYTW,0.1579331549263295,1.0,WT-like,sensitive
721,none,single,1.0,DWVRRYTY,0.1012387367633594,1.0,WT-like,sensitive
722,none,single,1.0,DWVRRYVL,0.1030937770810468,1.0,WT-like,sensitive
723,none,single,1.0,DWVRRYWL,0.0860195079867798,1.0,WT-like,sensitive
724,none,single,1.0,DWVRRYYL,0.3808653914710483,2.0,WT-like,sensitive
725,none,single,1.0,DWVRSYTL,0.1135952028500356,1.0,WT-like,sensitive
726,none,single,1.0,DWVRTYTL,0.2485097508298846,1.0,WT-like,sensitive
727,none,single,1.0,DWVRVYTL,0.20325084755351025,1.0,WT-like,sensitive
728,none,single,1.0,DWVRWYTL,0.3326608514559728,1.0,WT-like,sensitive
729,none,single,1.0,DWVRYYTL,0.3808653914710483,2.0,WT-like,sensitive
730,none,single,1.0,DWVSRYTL,0.1971388733384767,1.0,WT-like,sensitive
731,none,single,1.0,DWVTRYTL,0.2832560040723055,1.0,WT-like,sensitive
732,none,single,1.0,DWVVRYTL,0.1720944381291106,1.0,WT-like,sensitive
733,none,single,1.0,DWVWRYTL,0.1378995186061955,1.0,WT-like,sensitive
734,none,single,1.0,DWVYRYTL,0.1912579602539617,1.0,WT-like,sensitive
735,none,single,1.0,DWWRRYTL,0.1520264960577328,1.0,WT-like,sensitive
736,none,single,1.0,DWYRRYTL,0.4783101786968742,1.0,WT-like,sensitive
737,none,single,1.0,DYVRRYTL,-0.0042424804146736,1.0,WT-like,sensitive
738,none,single,1.0,FWVRRYTL,0.1521164899228709,1.0,WT-like,sensitive
739,none,single,1.0,GWVRRYTL,0.0991646952862004,1.0,WT-like,sensitive
740,none,single,1.0,IWVRRYTL,0.1197167265834267,1.0,WT-like,sensitive
741,none,single,1.0,KWVRRYTL,0.3527290728784126,1.0,WT-like,sensitive
742,none,single,1.0,LWVRRYTL,0.111754214052512,1.0,WT-like,sensitive
743,none,single,1.0,MWVRRYTL,0.0256345607132849,1.0,WT-like,sensitive
744,none,single,1.0,NWVRRYTL,0.2789960310552039,1.0,WT-like,sensitive
745,none,single,1.0,PWVRRYTL,-0.03430046457682695,1.0,WT-like,sensitive
746,none,single,1.0,QWVRRYTL,0.2682872227295401,2.0,WT-like,sensitive
747,none,single,1.0,RWVRRYTL,0.060991615538324745,1.0,WT-like,sensitive
748,none,single,1.0,SWVRRYTL,-0.0492300335794205,2.0,WT-like,sensitive
749,none,single,1.0,TWVRRYTL,0.1444032930469046,1.0,WT-like,sensitive
750,none,single,1.0,VWVRRYTL,0.1236070273647705,1.0,WT-like,sensitive
751,none,single,1.0,YWVRRYTL,0.2493789741505817,1.0,WT-like,sensitive
