,AF,CF,dox,MF,ctrl,max_s
0,False,False,False,True,False,0.448348930669652
1,True,True,False,True,False,1.305855023146894
2,True,True,False,True,False,1.214658209831903
3,False,False,False,True,False,0.6308218457452088
4,False,False,False,True,False,0.7033034069084665
5,False,False,False,False,False,-0.0130184238275171
6,True,True,False,True,False,1.560455320391774
7,False,True,False,True,False,0.5662952440787088
8,False,False,False,False,False,-0.0056378808630646
9,False,False,False,False,False,0.1216334381806658
10,False,False,False,False,False,0.3249906616815066
11,False,False,False,False,False,0.0064147870923424
12,False,False,False,False,False,0.025964408894525
13,False,False,False,True,False,1.6323145163367836
14,False,False,False,False,False,0.032057987348063
15,False,False,False,False,False,-0.0729668280159372
16,False,False,False,False,False,0.0291384143906455
17,False,False,False,False,False,-0.0600972103593879
18,False,False,False,False,False,0.0055529743309323
19,False,False,False,True,False,1.7237363015328924
20,False,False,False,False,False,0.0091773912876018
21,False,False,False,True,False,0.9617840637089968
22,False,False,False,False,False,-0.0440502894641896
23,False,False,False,False,False,0.0271448202853026
24,True,True,False,True,False,1.0695206711352274
25,True,True,False,True,False,2.033159395650033
26,True,True,False,True,False,2.434212734781071
27,False,False,False,True,False,0.4323335255910167
28,True,True,False,True,False,1.720874094016474
29,False,False,False,True,False,1.2724266786950444
30,True,True,False,True,False,2.479319620601738
31,True,True,False,True,False,1.840642323178141
32,False,False,False,True,False,1.2768310739793909
33,True,True,False,True,False,1.642385652779794
34,True,True,False,True,False,2.618601516596881
35,True,True,False,True,False,2.18364865138716
36,True,True,False,True,False,1.8737672645931152
37,False,False,False,False,False,-0.083425232099987
38,False,False,False,False,False,-0.0186902148173337
39,False,True,False,True,False,1.2529203957080612
40,False,False,False,False,False,0.2199228165608739
41,True,True,False,True,False,1.3538995797563742
42,False,False,False,True,False,0.6381492435703993
43,True,True,False,True,False,1.74337565756025
44,False,False,False,False,False,0.1632162430117005
45,False,False,False,True,False,1.6101109070533124
46,False,False,False,True,False,0.9449675934584968
47,False,False,False,True,False,0.8831004191107723
48,False,False,False,True,False,1.4102862961460736
49,False,False,False,True,False,0.7950188932920085
50,True,True,False,True,False,1.6046479371319131
51,False,False,False,False,False,0.0272226695483169
52,False,False,False,False,False,-0.0304904683028254
53,False,False,False,True,False,0.5212295880523257
54,False,False,False,True,False,1.4801351293758795
55,True,True,False,True,False,1.6547495940003527
56,False,True,False,True,False,1.851088970025816
57,True,True,False,True,False,1.0727946393347731
58,False,True,False,True,False,0.5193098355010171
59,False,False,False,False,False,0.2606509754972603
60,True,False,False,True,False,0.8849609477969345
61,False,False,False,False,False,0.1731390256950755
62,False,True,False,True,False,1.086393718277718
63,False,False,False,True,False,0.7919036418903029
64,False,False,False,True,False,0.3941241076037189
65,True,True,False,True,False,1.9008649328039933
66,True,True,False,True,False,1.4225782658050088
67,True,True,False,True,False,1.1034331583752932
68,False,False,False,False,False,0.0185688074213867
69,True,True,False,True,False,1.952124873753192
70,False,False,False,True,False,0.8018154035670829
71,True,True,False,True,False,1.931306426852903
72,False,True,False,True,False,0.6369734264739231
73,True,True,False,True,False,1.8619962721083023
74,False,False,False,False,False,0.0196257528813577
75,False,False,False,False,False,0.2236851995718032
76,False,True,False,True,False,1.3445526633788585
77,True,False,False,True,False,1.0567874578622138
78,False,False,False,False,False,0.2128875128482119
79,False,False,False,False,False,-0.0032868660605152
80,True,True,False,True,False,1.8951269926568843
81,False,False,False,False,False,0.1154215964703708
82,True,True,False,True,False,1.5656170039121038
83,False,False,False,True,False,0.377658224956505
84,False,True,False,True,False,0.947626263826084
85,False,False,False,True,False,1.155102182673621
86,False,False,False,False,False,0.1322792616954231
87,True,True,False,True,False,0.951590140634659
88,False,False,False,True,False,1.6707636220942188
89,False,False,False,True,False,1.5948763458519903
90,False,False,False,True,False,0.3992866185751966
91,False,False,False,True,False,1.4301175403250654
92,False,False,False,True,False,1.1448563060909651
93,False,False,False,False,False,0.1335322649714636
94,True,True,False,True,False,2.360294002841896
95,False,False,False,False,False,0.1005767845407161
96,False,False,False,True,False,0.4580530541570351
97,True,True,False,True,False,2.0180586721119647
98,False,False,False,True,False,0.5110812940237075
99,False,True,False,True,False,1.452079696986876
100,False,True,False,True,False,1.5653002450753677
101,False,False,False,True,False,0.4497170219402073
102,False,False,False,False,False,0.0365748187640107
103,True,True,False,True,False,1.9461235390147733
104,False,False,False,False,False,0.1398664247699397
105,False,False,False,False,False,-0.0118041764321861
106,False,False,False,False,False,0.0340268489484155
107,False,False,False,False,False,0.0113531897188476
108,False,False,False,True,False,0.8960701799366542
109,False,False,False,False,False,-0.0029759264759826
110,False,False,False,False,False,0.1662683837940834
111,False,False,False,False,False,0.0377635218805917
112,True,True,False,True,False,2.491514946907454
113,False,False,False,True,False,1.725982791401953
114,True,True,False,True,False,2.7160820558296344
115,False,False,False,False,False,0.1254985918386344
116,False,False,False,False,False,0.0911147757548715
117,False,False,False,False,False,0.0884501536453485
118,False,False,False,False,False,0.3326080619317861
119,False,False,False,True,False,1.1080104816266187
120,True,True,False,True,False,2.623217672298747
121,False,False,False,False,False,0.1025549724500933
122,False,False,False,False,False,0.239736689069713
123,False,False,False,False,False,-0.0531962838454069
124,False,True,False,True,False,1.990235602341032
125,False,False,False,False,False,0.2787306264974358
126,False,False,False,False,False,0.0362536970842988
127,False,True,False,False,False,0.7703499860703369
128,False,True,False,True,False,0.7968407565099622
129,False,False,False,False,False,0.2224888153897029
130,False,False,False,False,False,0.1363928925134401
131,True,True,False,True,False,1.457989254706204
132,False,False,False,False,False,-0.0056029182424198
133,False,False,False,False,False,0.144367956923388
134,False,True,False,True,False,1.245412264059417
